Season,Species,AUC_rf,AUC_gl,AUC_mx,AUC_bc,thr_AUC,AUC_AUCw_en,AUC_tssw_en,tss_rf,tss_gl,tss_mx,tss_bc,thr_tss,tss_AUCw_en,tss_tssw_en
summer,Ametrida centurio,0.060025,0.16,0.13140625,0.054931641,0.073,0.470588235,0.474845201,0.862616099,0.737229102,0.777089783,0.875773994,0.054,0.84249226,0.86880805
summer,Anoura caudifer,0.109450694,0.219509602,0.204170096,0.108046125,0.185,0.476973684,0.476860254,0.891560799,0.790381125,0.834845735,0.695780399,0.142,0.895644283,0.891560799
summer,Anoura geoffroyi,0.143492734,0.144845335,0.175650105,0.064245455,0.083,0.479522285,0.479344476,0.950806069,0.791488857,0.826102418,0.569227122,0.075,0.94179706,0.950806069
summer,Antrozous pallidus,0.214610633,0.15884268,0.216202537,0.172230012,0.511,0.493391418,0.493154339,0.95068753,0.800497866,0.919985775,0.790303461,0.507,0.953058321,0.953058321
summer,Artibeus amplus,0,0.25,0.25,0,0.56,0.496138996,0.5,0.857142857,0.952702703,0.986486486,0.857142857,0.301,0.986486486,1
summer,Artibeus concolor,0.0625,0.203954214,0.234131113,0.0625,0.161,0.487837838,0.487837838,0.886486486,0.858108108,0.902702703,0.87972973,0.104,0.92972973,0.92972973
summer,Artibeus fimbriatus,0,0.25,0.091135635,0,0.161,0.436602871,0.46291866,0.818181818,0.861842105,0.703947368,0.805023923,0.08,0.796052632,0.818181818
summer,Artibeus hirsutus,0.027777778,0.094336735,0.130975057,0.058979592,0.029,0.477994555,0.478221416,0.862068966,0.83076225,0.889972777,0.896551724,0.023,0.924455535,0.924455535
summer,Artibeus intermedius,0.15405625,0.132944379,0.226966732,0.151900066,0.237,0.478751778,0.478573969,0.913229018,0.639758179,0.919630156,0.818278805,0.215,0.919630156,0.926386913
summer,Artibeus jamaicensis,0.156025,0.077866058,0.120487663,0.065657214,0.516,0.441486486,0.438153153,0.786276276,0.575405405,0.71003003,0.468588589,0.475,0.786276276,0.781831832
summer,Artibeus lituratus,0.185976563,0.118396481,0.178268332,0.084417914,0.567,0.426921095,0.421968049,0.775309208,0.636738433,0.726637655,0.535616125,0.529,0.777828676,0.771071919
summer,Artibeus obscurus,0.104814063,0.153266813,0.168584376,0.05231862,0.125,0.455455455,0.455205205,0.863947281,0.708541875,0.808975642,0.797547548,0.087,0.844844845,0.863947281
summer,Artibeus planirostris,0.126815123,0.195671761,0.22249911,0.15533844,0.215,0.441429201,0.443632491,0.864571093,0.669800235,0.739130435,0.766157462,0.17,0.839012926,0.864571093
summer,Asellia tridens,0.026950694,0.172252125,0.20044641,0.102567389,0.182,0.480524642,0.486883943,0.868839428,0.804054054,0.898648649,0.907392687,0.136,0.912162162,0.912162162
summer,Balantiopteryx io,0.24750625,0.25,0.25,0,0.814,0.5,0.5,1,0.932432432,0.939189189,0.777777778,0.645,1,1
summer,Balantiopteryx plicata,0.060025,0.15558642,0.207530864,0.217777778,0.17,0.483530405,0.483108108,0.882882883,0.756193694,0.904279279,0.97972973,0.141,0.931869369,0.925112613
summer,Barbastella barbastellus,0.23309016,0.195126638,0.244481406,0.182350801,0.528,0.481641979,0.481878349,0.947959344,0.740899779,0.929995273,0.834777813,0.516,0.942562244,0.942562244
summer,Cardioderma cor,0.01,0.188202855,0.239092236,0.221453287,0.41,0.488542891,0.49853114,0.869565217,0.80787309,0.909224442,0.844594595,0.308,0.902467685,0.986486486
summer,Carollia brevicauda,0.145997945,0.193410799,0.221810614,0.1223119,0.178,0.427884615,0.428014553,0.758835759,0.670651421,0.760914761,0.533957034,0.157,0.758489258,0.758489258
summer,Carollia castanea,0.18275625,0.180625,0.211246302,0.073785364,0.342,0.469948018,0.468810916,0.916098116,0.832196231,0.863466537,0.806692658,0.301,0.916098116,0.916098116
summer,Carollia perspicillata,0.185744098,0.164826764,0.180390466,0.148543321,0.495,0.385942716,0.385485087,0.758318079,0.638957683,0.685743512,0.579708194,0.503,0.754334015,0.758318079
summer,Carollia sowelli,0.15800625,0.221040321,0.2295411,0.084707062,0.3,0.492983368,0.493243243,0.948024948,0.812889813,0.959459459,0.916320166,0.269,0.966216216,0.972972973
summer,Carollia subrufa,0.15800625,0.219418283,0.234459834,0.147617729,0.14,0.497944079,0.49808114,0.958333333,0.907894737,0.925438596,0.951754386,0.121,0.958333333,0.958333333
summer,Centurio senex,0.169469444,0.186233348,0.241151148,0.157864318,0.32,0.493835941,0.493835941,0.937885254,0.82847321,0.917614983,0.931128497,0.338,0.96218587,0.96218587
summer,Chaerephon jobensis,0.101239669,0.126953243,0.188371273,0.095265456,0.169,0.466959459,0.46722973,0.892972973,0.744324324,0.919459459,0.892972973,0.139,0.946216216,0.946216216
summer,Chaerephon plicatus,0,0.163091716,0.106878698,0.111111111,0.109,0.471491228,0.470942982,0.743421053,0.824561404,0.837719298,0.910087719,0.084,0.890350877,0.910087719
summer,Chaerephon pumilus,0.025334028,0.144010519,0.176831032,0.075625,0.214,0.450267618,0.469223907,0.831512043,0.62778769,0.770517395,0.663470116,0.141,0.792261374,0.866413916
summer,Chaerephon pusillus,0,0.095998388,0.185888202,0.028511153,0.111,0.454171563,0.475910693,0.782608696,0.601351351,0.808754407,0.795240893,0.055,0.80199765,0.856051704
summer,Chalinolobus dwyeri,0.25,0.236549587,0.240991736,0.015625,0.601,0.5,0.5,1,0.959459459,0.986486486,0.833333333,0.498,1,1
summer,Chalinolobus gouldii,0.216792445,0.173611111,0.223978709,0.173177355,0.515,0.481332642,0.481008556,0.942442313,0.820845216,0.906274306,0.76001426,0.523,0.942442313,0.942442313
summer,Chalinolobus morio,0.128601929,0.21318353,0.239834714,0.186485269,0.272,0.497670084,0.497514756,0.947266232,0.86074868,0.905405405,0.875660143,0.232,0.970254737,0.970254737
summer,Chalinolobus nigrogriseus,0.215450694,0.208229621,0.242018761,0.149600013,0.421,0.499047784,0.499047784,0.980263158,0.763157895,0.967105263,0.947368421,0.403,0.986842105,0.986842105
summer,Chalinolobus picatus,0.181536862,0.239452676,0.239452676,0.077423952,0.436,0.5,0.5,0.970588235,0.923290938,0.993243243,0.911764706,0.378,1,1
summer,Chiroderma salvini,0.033057851,0.167355372,0.195611547,0.120438044,0.185,0.453685504,0.476044226,0.838943489,0.641400491,0.748525799,0.596683047,0.131,0.762039312,0.873218673
summer,Chiroderma trinitatum,0.09,0.156437959,0.204519938,0.025504567,0.21,0.461351351,0.458108108,0.872702703,0.704324324,0.818648649,0.825945946,0.129,0.872162162,0.899189189
summer,Chiroderma villosum,0.09,0.155519001,0.201347798,0.106711111,0.237,0.477220395,0.482648026,0.911184211,0.803947368,0.795394737,0.770394737,0.18,0.875657895,0.903289474
summer,Choeroniscus godmani,0.173611111,0.223840906,0.208839172,0.049183793,0.427,0.493421053,0.492982456,0.960087719,0.842105263,0.914473684,0.840789474,0.366,0.980263158,0.980263158
summer,Choeroniscus minor,6.25E-06,0.181877163,0.215951557,0.148451557,0.219,0.468566392,0.48413631,0.769095182,0.763513514,0.861927145,0.895710928,0.155,0.885135135,0.905405405
summer,Choeronycteris mexicana,0.213017751,0.182263314,0.237343853,0.113258136,0.524,0.495802621,0.496007371,0.978091728,0.736691237,0.97972973,0.819410319,0.487,0.993243243,0.993243243
summer,Chrotopterus auritus,0.01500625,0.088849852,0.16,0.05640625,0.134,0.455983709,0.469454887,0.843984962,0.637531328,0.794486216,0.770676692,0.084,0.781328321,0.830827068
summer,Coleura afra,0,0.227285019,0.16563007,0.027777778,0.287,0.417953668,0.480694981,0.785714286,0.662162162,0.77992278,0.823359073,0.168,0.773166023,0.857142857
summer,Cormura brevirostris,5.63E-05,0.156073769,0.146471574,0.001371742,0.092,0.46042471,0.465250965,0.83011583,0.77027027,0.837194337,0.803088803,0.043,0.803088803,0.83011583
summer,Corynorhinus mexicanus,0.0625,0.162591051,0.245984001,0.053756666,0.268,0.498310811,0.499662162,0.9,0.752702703,0.993243243,0.859459459,0.215,0.986486486,0.993243243
summer,Corynorhinus rafinesquii,0.149296373,0.147331905,0.205083948,0.142207711,0.064,0.484129478,0.484286612,0.946731615,0.708830924,0.915933375,0.899434318,0.056,0.946731615,0.946731615
summer,Corynorhinus townsendii,0.157921687,0.165724058,0.204740204,0.123121353,0.256,0.484007076,0.483978077,0.904854425,0.739676372,0.911611182,0.719029115,0.228,0.922021807,0.926313653
summer,Cynopterus brachyotis,0.094674556,0.212084488,0.25,0.173611111,0.223,0.478009828,0.478501229,0.866461916,0.674201474,0.896068796,0.923095823,0.172,0.896068796,0.900737101
summer,Cynopterus horsfieldii,0,0.201347798,0.225016437,9.25E-05,0.304,0.439144737,0.475328947,0.75,0.802631579,0.802631579,0.75,0.153,0.822368421,0.848684211
summer,Cynopterus sphinx,0.005750694,0.169550173,0.210519031,0.038254758,0.267,0.441666667,0.465540541,0.819369369,0.683333333,0.777477477,0.832432432,0.155,0.804054054,0.872072072
summer,Dermanura anderseni,0.081632653,0.095804989,0.243691106,0.12755102,0.117,0.478571429,0.477443609,0.881390977,0.760714286,0.866165414,0.870488722,0.075,0.868421053,0.909962406
summer,Dermanura azteca,0.081632653,0.198073904,0.228505011,0.226408646,0.121,0.494156318,0.494338934,0.912162162,0.864864865,0.945945946,0.966216216,0.103,0.932432432,0.932432432
summer,Dermanura bogotensis,0.111111111,0.25,0.25,0.025641847,0.391,0.499205087,0.499602544,0.941176471,0.833068362,0.898648649,0.875596184,0.29,0.986486486,0.993243243
summer,Dermanura cinerea,0.080750694,0.168538092,0.183055561,0.134338645,0.27,0.453160788,0.461406322,0.878149336,0.678882272,0.787104902,0.803939533,0.206,0.844594595,0.881584975
summer,Dermanura glauca,0.011796373,0.173611111,0.17983882,0.090556413,0.202,0.424174174,0.466516517,0.824174174,0.703603604,0.77027027,0.665015015,0.134,0.777027027,0.810660661
summer,Dermanura gnoma,0.08265625,0.164393388,0.155666116,0.000330579,0.116,0.485380117,0.486598441,0.906189084,0.855263158,0.851120858,0.762183236,0.073,0.899610136,0.906189084
summer,Dermanura phaeotis,0.164465513,0.174876033,0.210764463,0.178698347,0.184,0.478624079,0.479299754,0.918673219,0.6497543,0.814004914,0.716216216,0.175,0.898157248,0.918673219
summer,Dermanura tolteca,0.06125625,0.171060386,0.217706099,0.103316327,0.117,0.493515038,0.493890977,0.893421053,0.865037594,0.940789474,0.791541353,0.092,0.933082707,0.926503759
summer,Dermanura watsoni,0.109450694,0.214039173,0.25,0.103580394,0.233,0.495300752,0.497180451,0.928571429,0.853383459,0.908834586,0.862781955,0.173,0.953947368,0.960526316
summer,Desmodus rotundus,0.183061735,0.070203101,0.173083505,0.09149375,0.496,0.472080739,0.470760234,0.880399925,0.658672892,0.728046595,0.38584701,0.521,0.883394643,0.883394643
summer,Diaemus youngi,0,0.195636095,0.195636095,0.055496487,0.326,0.424342105,0.48637218,0.857142857,0.75,0.783834586,0.869360902,0.18,0.848684211,0.875
summer,Diclidurus albus,0,0.25,0.22675737,0,0.138,0.483108108,0.486486486,0.666666667,0.966216216,0.932432432,0.666666667,0.081,0.952702703,0.945945946
summer,Diphylla ecaudata,0.0576,0.158967189,0.147164834,0.032384485,0.176,0.462404712,0.473492723,0.877165627,0.687976438,0.740817741,0.762300762,0.102,0.802841303,0.877165627
summer,Dobsonia magna,0,0.09765625,0.128402778,0,0.034,0.415202703,0.438513514,0.786486486,0.637837838,0.798648649,0.793243243,0.017,0.766216216,0.816216216
summer,Eidolon helvum,0.14410784,0.1301353,0.156203168,0.109057617,0.143,0.465768914,0.465871711,0.900493421,0.653782895,0.78125,0.624177632,0.132,0.896381579,0.902960526
summer,Enchisthenes hartii,0.096523192,0.185160698,0.19978191,0.097419651,0.314,0.473102911,0.472453222,0.888253638,0.730769231,0.837318087,0.820686071,0.269,0.91995842,0.926715177
summer,Eonycteris spelaea,0.026950694,0.16929796,0.210069444,0.027777778,0.09,0.452182952,0.464137214,0.812370062,0.692827443,0.824324324,0.798856549,0.05,0.794698545,0.823804574
summer,Epomophorus crypturus,0.25,0.204648526,0.24408305,0.109135842,0.604,0.5,0.5,1,0.761824324,0.903716216,0.91722973,0.53,1,1
summer,Epomophorus gambianus,0.00390625,0.200951249,0.216706302,0.113035077,0.169,0.48082542,0.486486486,0.797297297,0.621621622,0.898648649,0.831081081,0.099,0.891891892,0.925675676
summer,Epomophorus labiatus,0.027777778,0.208195228,0.231240109,0.241870465,0.244,0.492342342,0.497297297,0.866666667,0.811711712,0.926126126,0.912162162,0.193,0.932882883,0.966666667
summer,Epomophorus wahlbergi,0.027777778,0.199816641,0.183359632,0.072485207,0.16,0.478618421,0.48340311,0.843899522,0.743421053,0.842703349,0.830143541,0.092,0.872607656,0.879186603
summer,Epomops franqueti,0.12075625,0.207530864,0.220750819,0.04,0.311,0.471351351,0.471081081,0.879189189,0.697027027,0.818918919,0.765135135,0.206,0.899189189,0.919189189
summer,Eptesicus brasiliensis,0.034225,0.180625,0.188434917,0.069504132,0.187,0.475033738,0.480937922,0.845479082,0.828947368,0.824392713,0.732287449,0.147,0.868421053,0.909244265
summer,Eptesicus furinalis,0.161414879,0.147896159,0.182113905,0.061257623,0.33,0.475348763,0.474318326,0.91780279,0.680960685,0.780833862,0.560558022,0.281,0.903535193,0.911223843
summer,Eptesicus fuscus,0.217120155,0.1655213,0.219577793,0.145809249,0.583,0.451376989,0.450550796,0.812688698,0.690585475,0.822582619,0.573674011,0.58,0.821572827,0.82002244
summer,Eptesicus nilssonii,0.20771797,0.164588465,0.211498604,0.167833969,0.554,0.474796699,0.474109065,0.923582875,0.691580961,0.85021526,0.762616599,0.553,0.930339632,0.930339632
summer,Eptesicus serotinus,0.199097745,0.213921325,0.235547601,0.155032646,0.517,0.464260981,0.464631975,0.903195489,0.712406015,0.832706767,0.603383459,0.539,0.892857143,0.903195489
summer,Eumops auripendulus,0,0.008601067,0.040647763,0.016133097,0.06,0.379445235,0.428165007,0.789473684,0.48257468,0.646159317,0.556899004,0.027,0.646159317,0.874466572
summer,Eumops bonariensis,0,0.195240671,0.216333153,0.000135208,0.42,0.47972973,0.497184685,0.833333333,0.772522523,0.925675676,0.813063063,0.218,0.871621622,0.959459459
summer,Eumops glaucinus,5.63E-05,0.037070617,0.054909779,0.004511027,0.046,0.401901902,0.432182182,0.808058058,0.534034034,0.686436436,0.666166166,0.022,0.676676677,0.801301301
summer,Eumops perotis,6.25E-06,0.029175186,0.167201411,0.047710136,0.135,0.475839476,0.481572482,0.787878788,0.564496314,0.831285831,0.753685504,0.069,0.821253071,0.909090909
summer,Falsistrellus tasmaniensis,0.027777778,0.204648526,0.229283895,0,0.142,0.495045045,0.495045045,0.866666667,0.891891892,0.939189189,0.8,0.079,0.933333333,0.933333333
summer,Glossophaga commissarisi,0.09965501,0.212372732,0.234852071,0.021978581,0.178,0.495779543,0.497269116,0.924528302,0.857869911,0.929369414,0.821871897,0.115,0.935948361,0.947368421
summer,Glossophaga leachii,0.130419473,0.211650692,0.247252768,0.204737552,0.318,0.483681795,0.482916879,0.909612443,0.763513514,0.959459459,0.947348292,0.273,0.947348292,0.947348292
summer,Glossophaga longirostris,0.020408163,0.146336609,0.225248173,0.062103804,0.195,0.462267802,0.485100619,0.852941176,0.73374613,0.819272446,0.780185759,0.127,0.802631579,0.862229102
summer,Glossophaga morenoi,0.08850625,0.188726149,0.22757592,0.09,0.2,0.488542891,0.490599295,0.899529965,0.837837838,0.912162162,0.892773208,0.148,0.936251469,0.943008226
summer,Glossophaga soricina,0.213005717,0.129616833,0.1936823,0.080018555,0.61,0.453947368,0.448190789,0.792580409,0.712171053,0.726973684,0.500365497,0.57,0.792580409,0.779422515
summer,Haplonycteris fischeri,0.111111111,0.234619141,0.242248535,0,0.331,0.5,0.5,1,0.967105263,0.980263158,0.833333333,0.355,1,1
summer,Hipposideros armiger,0.080210332,0.200951249,0.225976122,0.020408163,0.19,0.463776276,0.466966967,0.869369369,0.802552553,0.857357357,0.813813814,0.117,0.884384384,0.883633634
summer,Hipposideros ater,0.020408163,0.049781767,0.203954214,0.052209793,0.076,0.464168714,0.464373464,0.865274365,0.484029484,0.834766585,0.800982801,0.04,0.871826372,0.895577396
summer,Hipposideros beatus,0,0.211892164,0.17031998,0,0.344,0.416461916,0.472358722,0.804668305,0.736486486,0.736486486,0.797911548,0.176,0.75,0.831081081
summer,Hipposideros bicolor,0.038025,0.237057243,0.076756248,0.033112067,0.234,0.461222092,0.466216216,0.829024677,0.817567568,0.80493537,0.829024677,0.125,0.888954172,0.875440658
summer,Hipposideros caffer,0.019951563,0.108845908,0.133045552,0.080258426,0.104,0.433108108,0.438682432,0.774662162,0.560135135,0.776351351,0.673986486,0.067,0.776351351,0.830405405
summer,Hipposideros cervinus,0.081632653,0.20365549,0.242366864,0.022886259,0.301,0.496171171,0.496846847,0.926576577,0.791441441,0.93963964,0.85990991,0.201,0.946396396,0.946396396
summer,Hipposideros commersonii,0,0.147147336,0.181412894,0.107611769,0.306,0.366666667,0.471621622,0.786486486,0.601351351,0.608108108,0.89954955,0.183,0.628378378,0.853153153
summer,Hipposideros cyclops,0.0625,0.157470396,0.192855743,0.094174295,0.105,0.471846847,0.478828829,0.893243243,0.744144144,0.831531532,0.892792793,0.078,0.879279279,0.893243243
summer,Hipposideros diadema,0.104544444,0.176933736,0.230976021,0.135870901,0.304,0.472541691,0.473548016,0.911155837,0.635853939,0.842581944,0.856095457,0.361,0.912162162,0.918918919
summer,Hipposideros galeritus,0.01500625,0.14654541,0.234619141,0.242248535,0.438,0.486111111,0.487987988,0.917417417,0.713213213,0.932432432,0.986486486,0.346,0.945945946,0.972972973
summer,Hipposideros larvatus,0.0625,0.177490569,0.240826475,0.060206619,0.368,0.481879607,0.490786241,0.895577396,0.743243243,0.85995086,0.834766585,0.236,0.925675676,0.945945946
summer,Hipposideros pomona,6.25E-06,0.16239697,0.193862776,0.0625,0.197,0.457207207,0.479166667,0.81981982,0.709459459,0.783783784,0.876126126,0.111,0.804054054,0.903153153
summer,Hipposideros ruber,0.06125625,0.154665111,0.206732413,0.039824754,0.208,0.453504352,0.455794778,0.830737517,0.573866239,0.817338525,0.685524508,0.127,0.841044434,0.84768667
summer,Hipposideros vittatus,0,0.073046019,0.004565376,0,0.051,0.295945946,0.393243243,0.8,0.506756757,0.489189189,0.793243243,0.07,0.560810811,0.8
summer,Histiotus montanus,0.015625,0.218782518,0.134641649,0.007869407,0.216,0.483783784,0.489527027,0.843243243,0.805405405,0.909459459,0.802702703,0.101,0.945945946,0.925675676
summer,Hsunycteris thomasi,0.104544444,0.205083948,0.209683819,0.096476125,0.184,0.470144563,0.471401634,0.903205531,0.737272156,0.875392835,0.876178504,0.135,0.868636078,0.903205531
summer,Hylonycteris underwoodi,0.06125625,0.214958678,0.227789256,8.26E-05,0.517,0.498123123,0.499624625,0.888888889,0.89039039,0.966216216,0.771021021,0.312,0.986486486,0.993243243
summer,Hypsignathus monstrosus,0.06125625,0.217777778,0.247229938,0.096790123,0.361,0.464285714,0.476592664,0.845559846,0.712355212,0.833976834,0.833976834,0.247,0.86969112,0.912162162
summer,Hypsugo savii,0.161414879,0.213216508,0.188965388,0.123678193,0.497,0.478696343,0.477980922,0.929173291,0.819554849,0.888871224,0.809300477,0.467,0.940937997,0.940937997
summer,Kerivoula hardwickii,0.060025,0.12445216,0.195069444,0.054444444,0.088,0.445704633,0.44980695,0.845559846,0.685328185,0.798262548,0.805019305,0.06,0.845559846,0.881274131
summer,Lasionycteris noctivagans,0.185671558,0.148087338,0.186737887,0.071346607,0.321,0.469823207,0.469391384,0.896362528,0.74090632,0.843019711,0.737807356,0.288,0.896362528,0.896362528
summer,Lasiurus blossevillii,0.045689063,0.049769272,0.132288803,0.082556454,0.086,0.450422297,0.456165541,0.853716216,0.462837838,0.735135135,0.475675676,0.077,0.808108108,0.884459459
summer,Lasiurus borealis,0.207784028,0.152408631,0.201535051,0.15435576,0.55,0.47149416,0.470825711,0.884041655,0.713974106,0.856670419,0.584576414,0.563,0.880136504,0.880136504
summer,Lasiurus cinereus,0.176806686,0.175147224,0.236602137,0.128534626,0.412,0.466834482,0.466768239,0.838721074,0.643702526,0.826974033,0.483704293,0.416,0.834790673,0.838058647
summer,Lasiurus ega,0.074939063,0.094839484,0.158808198,0.026791664,0.231,0.46950569,0.475729018,0.900782361,0.487197724,0.710881935,0.406827881,0.16,0.818990043,0.907183499
summer,Lasiurus intermedius,0.165377778,0.184809006,0.216791243,0.074609911,0.289,0.486719478,0.487068966,0.918219944,0.785414725,0.90167754,0.829683131,0.24,0.928704567,0.928704567
summer,Lasiurus seminolus,0.245025,0.228271605,0.228271605,0.187777778,0.495,0.495255894,0.495399655,0.97972973,0.885135135,0.972972973,0.965209891,0.471,0.986486486,0.986486486
summer,Lasiurus xanthinus,0.041732653,0.072485207,0.102259389,0.032876464,0.024,0.466216216,0.466830467,0.878787879,0.726863227,0.865274365,0.872031122,0.018,0.895577396,0.895577396
summer,Lavia frons,0.101336111,0.162549761,0.198944318,0.196826027,0.196,0.482800983,0.485565111,0.891277641,0.677518428,0.832923833,0.858108108,0.167,0.864864865,0.886977887
summer,Leptonycteris curasoae,0.005102041,0.139618742,0.236739797,0.220041696,0.28,0.484362934,0.49015444,0.843629344,0.701158301,0.952702703,0.918918919,0.24,0.945945946,0.966216216
summer,Leptonycteris nivalis,0.049382716,0.137959184,0.216298816,0.096296926,0.15,0.488686361,0.489157762,0.876964173,0.751571339,0.922690132,0.876178504,0.105,0.919704588,0.923475801
summer,Leptonycteris yerbabuenae,0.123669444,0.148665875,0.214539492,0.143343234,0.197,0.488152536,0.488430211,0.904479822,0.72204739,0.898278415,0.817012218,0.165,0.925490559,0.925490559
summer,Lionycteris spurrelli,0.027777778,0.243506771,0.243506771,0.027777778,0.333,0.488473768,0.495627981,0.875596184,0.824324324,0.932432432,0.862082671,0.198,0.945945946,0.945945946
summer,Lissonycteris angolensis,0.03900625,0.171980969,0.227024221,0.074818339,0.284,0.475506757,0.486768018,0.861486486,0.686936937,0.809684685,0.808558559,0.17,0.844594595,0.903153153
summer,Lonchophylla robusta,0.04,0.235510381,0.210519031,0.005192474,0.188,0.470157658,0.477759009,0.861486486,0.679054054,0.806306306,0.752252252,0.09,0.831081081,0.882882883
summer,Lonchorhina aurita,0.027777778,0.170212607,0.130072561,0.01194422,0.248,0.423873874,0.470045045,0.853153153,0.617117117,0.682882883,0.622972973,0.146,0.71036036,0.859459459
summer,Lophostoma brasiliense,0.025334028,0.185378086,0.192623457,0.098526235,0.174,0.45504158,0.467515593,0.805613306,0.713617464,0.794698545,0.848752599,0.118,0.801455301,0.855509356
summer,Lophostoma silvicolum,0.02030625,0.120114468,0.133775568,0.035220492,0.129,0.426296194,0.445325427,0.80984556,0.749586321,0.715250965,0.756067292,0.077,0.749310535,0.830391616
summer,Macroderma gigas,0.189225,0.166328654,0.234131113,0.038358215,0.59,0.4875,0.486993243,0.97972973,0.853378378,0.972972973,0.87972973,0.497,0.97972973,0.97972973
summer,Macroglossus minimus,0.09184267,0.124948007,0.205754732,0.135071956,0.184,0.453419328,0.458435708,0.881859132,0.556511057,0.735462735,0.794021294,0.182,0.822891073,0.868345618
summer,Macrophyllum macrophyllum,0.015625,0.186150494,0.079669615,0.039038111,0.14,0.454391892,0.474324324,0.85,0.77027027,0.805405405,0.805405405,0.073,0.821621622,0.85
summer,Macrotus californicus,0.048277855,0.168968426,0.235784948,0.088134766,0.249,0.498310811,0.498310811,0.909090909,0.780712531,0.993243243,0.904791155,0.165,0.963759214,0.977272727
summer,Macrotus waterhousii,0.03900625,0.10473842,0.201469568,0.087791495,0.071,0.473123123,0.474174174,0.868618619,0.642792793,0.848348348,0.825225225,0.051,0.868618619,0.913063063
summer,Megaderma spasma,0.006944444,0.196544444,0.243377778,0.140625,0.231,0.473817568,0.476632883,0.792792793,0.675675676,0.870495495,0.884009009,0.153,0.863738739,0.890765766
summer,Megaloglossus woermanni,0,0.128892771,0.156089761,0.078583714,0.142,0.452442827,0.471413721,0.787422037,0.756756757,0.797297297,0.855509356,0.095,0.817567568,0.830561331
summer,Mesophylla macconnelli,0.06125625,0.222784,0.226576,0.118336,0.174,0.468108108,0.468783784,0.845945946,0.777567568,0.832702703,0.845405405,0.116,0.865945946,0.905945946
summer,Micronycteris hirsuta,0.027777778,0.194636678,0.237098979,0,0.319,0.457657658,0.483783784,0.85990991,0.750900901,0.844594595,0.766216216,0.164,0.844594595,0.91981982
summer,Micronycteris megalotis,0.05032938,0.152508117,0.14870349,0.056717135,0.175,0.415834313,0.435590482,0.800822562,0.626615746,0.657755582,0.547591069,0.119,0.687132785,0.795534665
summer,Micronycteris microtis,0.071677893,0.120483574,0.171893617,0.046765552,0.129,0.457900208,0.468685031,0.883575884,0.613305613,0.715696466,0.626819127,0.085,0.804573805,0.882536383
summer,Micronycteris minuta,0.025334028,0.15571535,0.161572472,0.082938353,0.136,0.434829991,0.460331299,0.837183958,0.675675676,0.763513514,0.807105493,0.085,0.790540541,0.830427201
summer,Micronycteris schmidtorum,0,0.243506771,0.194636678,0.017087445,0.287,0.412957075,0.483704293,0.823529412,0.684419714,0.682432432,0.808028617,0.149,0.695945946,0.927662957
summer,Micropteropus pusillus,0.245025,0.18520727,0.241151148,0.243789063,0.469,0.482892467,0.482748706,0.952702703,0.635853939,0.897642323,0.912162162,0.478,0.945945946,0.945945946
summer,Mimon cozumelae,0.06125625,0.22675737,0.24212648,0,0.389,0.494932432,0.498310811,0.875,0.858108108,0.925675676,0.75,0.25,0.972972973,0.986486486
summer,Mimon crenulatum,0.15800625,0.226576,0.093636,0.041209,0.393,0.473900371,0.474562798,0.920243773,0.71754107,0.725622682,0.699258082,0.365,0.939851616,0.93309486
summer,Miniopterus australis,0.140625,0.177978516,0.233359443,0.076199002,0.247,0.48637572,0.487926451,0.930549402,0.64986708,0.796411165,0.7046965,0.19,0.919915817,0.930549402
summer,Miniopterus fuliginosus,0.01,0.174429066,0.192050173,0.037112889,0.137,0.458896396,0.471565315,0.81981982,0.783783784,0.849099099,0.814189189,0.09,0.849099099,0.849099099
summer,Miniopterus inflatus,0,0.126884959,0.084593532,0,0.127,0.427662957,0.46581876,0.810015898,0.80127186,0.769475358,0.816772655,0.065,0.769475358,0.893879173
summer,Miniopterus natalensis,0.015625,0.214958678,0.236549587,0.011900826,0.232,0.492887624,0.496799431,0.842105263,0.810810811,0.939189189,0.815078236,0.128,0.952702703,0.939189189
summer,Miniopterus schreibersii,0.131924617,0.082160165,0.192466181,0.087256259,0.371,0.46563942,0.46568062,0.887771918,0.422874094,0.699571523,0.453032301,0.304,0.874917601,0.887771918
summer,Molossops temminckii,0.09765625,0.187222633,0.18556213,0.129323225,0.144,0.483445946,0.4875,0.911486486,0.659459459,0.793918919,0.814864865,0.104,0.860135135,0.911486486
summer,Molossus currentium,0.027777778,0.230776624,0.20782872,0.018172097,0.374,0.433880309,0.486486486,0.8503861,0.678571429,0.75965251,0.83011583,0.212,0.77992278,0.881274131
summer,Molossus molossus,0.155461224,0.134815774,0.157655709,0.080206109,0.261,0.421912931,0.421548794,0.807897718,0.576630523,0.687206668,0.451367535,0.24,0.808666451,0.807897718
summer,Molossus pretiosus,0.026950694,0.129150391,0.160834418,0.079101563,0.242,0.474071207,0.492260062,0.882352941,0.809210526,0.822368421,0.908281734,0.16,0.861842105,0.934597523
summer,Molossus rufus,0.111161622,0.089818686,0.139140842,0.079700588,0.157,0.476682565,0.476682565,0.907392687,0.521197668,0.800609433,0.645601484,0.134,0.90063593,0.907392687
summer,Molossus sinaloae,0.109450694,0.169550173,0.237895281,0.0625,0.324,0.492609797,0.491765203,0.903716216,0.793074324,0.918918919,0.88597973,0.245,0.959459459,0.945945946
summer,Monophyllus redmani,0.109450694,0.221453287,0.221453287,0.0625,0.622,0.498069498,0.5,1,0.871621622,0.905405405,0.921814672,0.597,0.97972973,1
summer,Mops condylurus,0.047185494,0.197530864,0.178556043,0.062921584,0.146,0.468416091,0.475015713,0.870207417,0.605908234,0.792111879,0.798868636,0.077,0.858893777,0.870207417
summer,Mormoops blainvillii,0,0.25,0.25,0,0.593,0.495495495,0.5,0.777777778,0.952702703,0.959459459,0.777777778,0.328,0.966216216,1
summer,Mormoops megalophylla,0.104544444,0.110779684,0.141091805,0.038034702,0.125,0.469015444,0.468050193,0.881274131,0.691312741,0.867760618,0.643243243,0.101,0.903088803,0.903088803
summer,Mormopterus ridei,0.111111111,0.202261975,0.24212648,0.111111111,0.162,0.499068034,0.499068034,0.931034483,0.897250699,0.945246971,0.924277726,0.126,0.97972973,0.97972973
summer,Myonycteris torquata,0.0625,0.214475275,0.218288095,0.056503628,0.216,0.463588589,0.486486486,0.882132132,0.77027027,0.716216216,0.861861862,0.142,0.789039039,0.930930931
summer,Myotis albescens,0.042367361,0.120711703,0.180080539,0.090770874,0.269,0.42545045,0.458783784,0.84954955,0.612162162,0.684234234,0.642342342,0.178,0.777477477,0.845945946
summer,Myotis alcathoe,0.215064063,0.221169754,0.231897507,0.071238673,0.532,0.497043919,0.497043919,0.973986486,0.915202703,0.948986486,0.878716216,0.464,0.973986486,0.973986486
summer,Myotis austroriparius,0.19140625,0.210728485,0.214704407,0.0625,0.37,0.496015246,0.497401247,0.960845461,0.882536383,0.941961192,0.897435897,0.321,0.97972973,0.986486486
summer,Myotis bechsteinii,0.220686415,0.194719073,0.229790879,0.211892164,0.592,0.495920449,0.495920449,0.966216216,0.867669556,0.936511984,0.862187659,0.601,0.966216216,0.966216216
summer,Myotis blythii,0.148500128,0.206273555,0.187399718,0.076958569,0.263,0.484266409,0.483301158,0.924131274,0.836293436,0.884362934,0.813706564,0.223,0.924131274,0.924131274
summer,Myotis bocagii,6.25E-06,0.165980796,0.236304012,0.140625,0.165,0.458230958,0.478501229,0.804668305,0.701474201,0.893734644,0.927518428,0.109,0.886977887,0.9004914
summer,Myotis brandtii,0.175493061,0.181788685,0.228018882,0.131998295,0.211,0.491847826,0.491664219,0.939042303,0.680376028,0.848119859,0.728701528,0.18,0.932285546,0.939042303
summer,Myotis californicus,0.199511111,0.162229938,0.19647408,0.120012755,0.556,0.479181885,0.479242756,0.939189189,0.772522523,0.918918919,0.673423423,0.54,0.939189189,0.939189189
summer,Myotis capaccinii,0.171534028,0.244475309,0.244475309,0.107438272,0.403,0.498552124,0.498310811,0.957528958,0.891891892,0.945945946,0.915057915,0.361,0.986486486,0.986486486
summer,Myotis ciliolabrum,0.16487874,0.176643562,0.226186944,0.169347003,0.215,0.493064493,0.492921493,0.934470184,0.867796368,0.932432432,0.81985557,0.204,0.936829687,0.935935936
summer,Myotis dasycneme,0.215450694,0.176014004,0.219928656,0.120496763,0.532,0.483253589,0.483595352,0.947539303,0.711380725,0.915157211,0.882262474,0.487,0.947539303,0.947539303
summer,Myotis daubentonii,0.204002778,0.191295786,0.226922314,0.210023151,0.473,0.452100961,0.452011329,0.861376022,0.712910512,0.858848415,0.735641044,0.496,0.858651226,0.858651226
summer,Myotis emarginatus,0.195314892,0.212730209,0.234619141,0.192674257,0.4,0.49248689,0.492285196,0.923557886,0.847821702,0.912565551,0.798104074,0.406,0.938483259,0.938483259
summer,Myotis grisescens,0.24750625,0.243827399,0.247933893,0.25,0.523,0.494833068,0.494833068,0.993243243,0.914149444,0.993243243,0.993243243,0.524,0.993243243,0.993243243
summer,Myotis horsfieldii,0,0.20044641,0.224539707,0.027777778,0.194,0.483333333,0.490540541,0.786486486,0.831981982,0.912162162,0.866666667,0.136,0.932432432,0.952702703
summer,Myotis keaysi,0.146012167,0.178994083,0.19838956,0.061572942,0.179,0.475546976,0.476083226,0.925353925,0.664199914,0.78989704,0.585156585,0.144,0.889210639,0.925353925
summer,Myotis keenii,0.111111111,0.213665432,0.244818793,0.154629178,0.319,0.484935755,0.486264953,0.907399202,0.644993354,0.886132034,0.805050953,0.246,0.952702703,0.952702703
summer,Myotis leibii,0.103316327,0.106764073,0.232095509,0.099445335,0.142,0.485820327,0.483155691,0.895793681,0.725732775,0.877807385,0.882280167,0.102,0.917205938,0.909878188
summer,Myotis lucifugus,0.203787755,0.112812077,0.189544198,0.149825777,0.553,0.466434717,0.465574393,0.836336032,0.564979757,0.762449393,0.528846154,0.57,0.831680162,0.829757085
summer,Myotis macropus,0.085069444,0.113462604,0.241305017,0.142274546,0.135,0.48636583,0.486124517,0.926158301,0.729247104,0.928088803,0.822393822,0.112,0.939189189,0.944015444
summer,Myotis muricola,0.01,0.175659602,0.228427768,0.000865052,0.301,0.4375,0.477364865,0.836486486,0.645945946,0.805405405,0.624324324,0.155,0.805405405,0.895945946
summer,Myotis myotis,0.203062891,0.210325237,0.241551609,0.137617066,0.593,0.492571764,0.492445862,0.933523586,0.826296794,0.878168541,0.650201444,0.597,0.933523586,0.933523586
summer,Myotis mystacinus,0.180625,0.168173172,0.187857097,0.132571959,0.354,0.487306344,0.487419428,0.945295714,0.669173357,0.848439444,0.621254099,0.362,0.9275981,0.941111614
summer,Myotis nattereri,0.189792817,0.194005846,0.208946146,0.116546616,0.533,0.494479971,0.494389479,0.959580116,0.751447876,0.91722973,0.704633205,0.517,0.959580116,0.959580116
summer,Myotis nigricans,0.149452531,0.135707763,0.164041486,0.047032681,0.234,0.421546547,0.418084751,0.76026026,0.625709042,0.735235235,0.560143477,0.201,0.76026026,0.76026026
summer,Myotis oxyotus,0,0.230776624,0.212322184,0.000216263,0.277,0.4753861,0.488416988,0.785714286,0.918918919,0.874517375,0.745173745,0.15,0.881274131,0.908301158
summer,Myotis riparius,0.017919473,0.199459551,0.193067034,0.169724976,0.221,0.433808809,0.454454454,0.797797798,0.662412412,0.757007007,0.866616617,0.153,0.794044044,0.856606607
summer,Myotis septentrionalis,0.188075281,0.220317146,0.227946614,0.121178042,0.334,0.482696111,0.481542518,0.928312459,0.748516809,0.906723797,0.849868161,0.311,0.940507581,0.940507581
summer,Myotis sodalis,0.111111111,0.204648526,0.25,0.111111111,0.268,0.495945946,0.496396396,0.926576577,0.837837838,0.966216216,0.913063063,0.207,0.993243243,0.97972973
summer,Myotis thysanodes,0.198716119,0.20689665,0.237007203,0.186331601,0.414,0.491985089,0.492031687,0.952283318,0.809412861,0.932013048,0.760438024,0.43,0.952283318,0.952283318
summer,Myotis velifer,0.21207613,0.168382878,0.23396478,0.163783866,0.457,0.496436505,0.496390226,0.9660311,0.729266938,0.966123658,0.652998889,0.477,0.972880415,0.972880415
summer,Myotis volans,0.188338286,0.175031237,0.216087947,0.120891558,0.35,0.488683128,0.488321655,0.952396841,0.834278723,0.892753865,0.633911689,0.358,0.945640085,0.945640085
summer,Myotis yumanensis,0.21243719,0.189879874,0.239160181,0.106498871,0.53,0.480772824,0.480274629,0.948094408,0.787146594,0.902634201,0.601880683,0.524,0.952702703,0.952702703
summer,Natalus mexicanus,0.111111111,0.172910361,0.244975003,0.100171184,0.346,0.486172219,0.486329353,0.896448774,0.709459459,0.939189189,0.869421747,0.258,0.936203646,0.945945946
summer,Natalus stramineus,0.04,0.146193772,0.189480969,0.038254758,0.217,0.484797297,0.489864865,0.868243243,0.648648649,0.882882883,0.807432432,0.134,0.903153153,0.938063063
summer,Neoromicia capensis,0.019700128,0.063042297,0.126009633,0.012913223,0.047,0.455019305,0.461969112,0.8503861,0.609266409,0.787451737,0.80984556,0.029,0.791119691,0.8503861
summer,Neoromicia nana,0.125040818,0.12144169,0.201138659,0.095225232,0.143,0.449969633,0.450880656,0.84922563,0.601730944,0.783935621,0.660491953,0.128,0.822198603,0.833434558
summer,Neoromicia somalica,0,0.126884959,0.177720108,0.10467128,0.254,0.439189189,0.48608903,0.823529412,0.628378378,0.722972973,0.9209062,0.145,0.75,0.934419714
summer,Neoromicia tenuipinnis,0,0.141238413,0.126884959,9.61E-05,0.115,0.379222973,0.446368243,0.798986486,0.655405405,0.662162162,0.79222973,0.052,0.655405405,0.798986486
summer,Noctilio albiventris,0.098551148,0.130072561,0.132618783,0.074758061,0.107,0.45995628,0.462241653,0.872416534,0.657392687,0.763116057,0.784578696,0.079,0.858903021,0.879173291
summer,Noctilio leporinus,0.03515625,0.101929546,0.12371512,0.014561489,0.148,0.444356121,0.459856916,0.841812401,0.550476948,0.737281399,0.559220986,0.088,0.787758347,0.865659777
summer,Nyctalus lasiopterus,0.04,0.174751411,0.215235152,0.082303144,0.18,0.492972973,0.494324324,0.873243243,0.892432432,0.919459459,0.906486486,0.123,0.946486486,0.93972973
summer,Nyctalus leisleri,0.234914205,0.209223745,0.243523591,0.1426285,0.527,0.496223146,0.496188496,0.961088011,0.835239085,0.903291753,0.777685378,0.503,0.961088011,0.961088011
summer,Nyctalus noctula,0.218222449,0.175052677,0.227911839,0.155536901,0.548,0.470262194,0.470358589,0.894736842,0.721298438,0.885844419,0.727202622,0.538,0.894736842,0.894736842
summer,Nycteris arge,0,0.209463621,0.214334705,0.02436242,0.4,0.393693694,0.476576577,0.786486486,0.783783784,0.777027027,0.832882883,0.231,0.77027027,0.892792793
summer,Nycteris grandis,0.027777778,0.218388227,0.218388227,0.108943142,0.196,0.459459459,0.488473768,0.875596184,0.731717011,0.777027027,0.914149444,0.198,0.851351351,0.934419714
summer,Nycteris hispida,0.009025,0.158669444,0.190677778,0.079336111,0.323,0.446486486,0.461216216,0.792702703,0.555135135,0.818648649,0.777837838,0.208,0.825135135,0.898918919
summer,Nycteris macrotis,0,0.125702479,0.133177602,0.018242537,0.152,0.440972222,0.459064327,0.785818713,0.616959064,0.769005848,0.704678363,0.076,0.761695906,0.807017544
summer,Nycteris thebaica,0.00950625,0.049274242,0.08480256,0.044053858,0.078,0.428738739,0.439369369,0.81954955,0.569369369,0.765495495,0.554774775,0.06,0.771891892,0.832882883
summer,Nycticeinops schlieffenii,0,0.095998388,0.158691212,0.224458479,0.162,0.449064449,0.482328482,0.800935551,0.691268191,0.826403326,0.864864865,0.128,0.851351351,0.869022869
summer,Nycticeius humeralis,0.227861576,0.226345271,0.234099582,0.144438386,0.532,0.486818106,0.487191179,0.97359476,0.874730559,0.960703034,0.83738186,0.504,0.97359476,0.97359476
summer,Nyctimene robinsoni,0,0.25,0.24212648,0,0.271,0.5,0.5,0.833333333,0.97972973,1,0.833333333,0.147,1,1
summer,Nyctinomops femorosaccus,0.019004592,0.192215293,0.223640467,0.0625,0.412,0.493618619,0.5,0.861111111,0.721471471,0.918168168,0.842342342,0.296,0.90990991,1
summer,Nyctinomops laticaudatus,0,0.110867045,0.102259389,0.007346939,0.144,0.349028716,0.444045608,0.78125,0.563344595,0.5625,0.634290541,0.066,0.527027027,0.809966216
summer,Nyctinomops macrotis,0.111111111,0.15524947,0.183359632,0.09206297,0.258,0.4789953,0.479142186,0.921269095,0.774970623,0.921269095,0.638954172,0.215,0.957990599,0.964747356
summer,Nyctophilus arnhemensis,0.16,0.200490087,0.25,0.0625,0.56,0.488457207,0.487331081,0.986486486,0.817567568,0.97972973,0.903153153,0.505,0.986486486,0.986486486
summer,Nyctophilus bifax,0.25,0.212623457,0.244475309,0.169012346,0.58,0.491241241,0.491241241,0.97972973,0.666416416,0.945945946,0.929179179,0.57,0.97972973,0.97972973
summer,Nyctophilus corbeni,0.111111111,0.238025712,0.23214876,0,0.303,0.495951417,0.494939271,0.916497976,0.960526316,0.980263158,0.762651822,0.227,0.986842105,0.993421053
summer,Nyctophilus daedalus,0.0625,0.235297394,0.25,0,0.642,0.488943489,0.488329238,0.986486486,0.885135135,0.972972973,0.895577396,0.563,0.986486486,0.986486486
summer,Nyctophilus geoffroyi,0.206150925,0.189060564,0.232918448,0.169024257,0.449,0.486344984,0.486557238,0.936995896,0.84257818,0.920440074,0.757782652,0.456,0.936995896,0.936995896
summer,Nyctophilus gouldi,0.165316167,0.248254805,0.236209595,0.191788871,0.141,0.489661654,0.490484023,0.944548872,0.865601504,0.897556391,0.876879699,0.12,0.937969925,0.944548872
summer,Nyctophilus walkeri,0.140625,0.222134507,0.25,0.015625,0.267,0.490615616,0.490990991,0.930930931,0.871621622,0.986486486,0.826576577,0.214,0.986486486,0.986486486
summer,Otomops martiensseni,0,0.195389624,0.147500525,0,0.162,0.447972973,0.470945946,0.8,0.837837838,0.791891892,0.786486486,0.087,0.785135135,0.866216216
summer,Parastrellus hesperus,0.203886982,0.174863589,0.226571845,0.134604521,0.506,0.493520444,0.493520444,0.957588358,0.859009009,0.955717256,0.771344421,0.497,0.962716563,0.962716563
summer,Perimyotis subflavus,0.188698095,0.205956181,0.230667899,0.24212648,0.23,0.486124402,0.486204147,0.936283892,0.814912281,0.930223285,0.880701754,0.232,0.936283892,0.936283892
summer,Peropteryx kappleri,0,0.103316327,0.173611111,0.012126205,0.393,0.386402027,0.470016892,0.8125,0.586148649,0.734797297,0.827702703,0.172,0.721283784,0.8125
summer,Peropteryx macrotis,0.15800625,0.175002778,0.173611111,0.034225,0.262,0.476216216,0.478243243,0.932972973,0.602432432,0.697297297,0.697027027,0.194,0.912702703,0.932972973
summer,Phoniscus papuensis,0.111111111,0.198303223,0.242248535,0,0.644,0.5,0.5,1,0.972972973,0.986486486,0.833333333,0.536,1,1
summer,Phylloderma stenops,0.0144,0.174697876,0.143569946,0.005802155,0.148,0.460472973,0.481756757,0.85,0.783783784,0.825675676,0.795945946,0.078,0.812162162,0.85
summer,Phyllostomus discolor,0.175202041,0.138481591,0.177503359,0.133944,0.363,0.453232644,0.453033916,0.865527292,0.617514573,0.7827239,0.686142024,0.368,0.865527292,0.865527292
summer,Phyllostomus elongatus,0.101336111,0.190752429,0.169012346,0.0585061,0.136,0.48012318,0.479843225,0.903275476,0.830907055,0.880039194,0.842525196,0.094,0.888577828,0.903275476
summer,Phyllostomus hastatus,0.11730625,0.170468893,0.195069444,0.146654184,0.208,0.437517414,0.442184452,0.863820006,0.674979103,0.739342435,0.655057119,0.175,0.796949011,0.850306492
summer,Pipistrellus adamsi,0.0625,0.097090947,0.242806133,0,0.205,0.491216216,0.491891892,0.886486486,0.695945946,0.952702703,0.8,0.122,0.952702703,0.952702703
summer,Pipistrellus hesperidus,0.027777778,0.188912384,0.230776624,0.111111111,0.222,0.48608903,0.4936407,0.875596184,0.855325914,0.868839428,0.934419714,0.144,0.882352941,0.934419714
summer,Pipistrellus javanicus,0.080210332,0.178149772,0.222653249,0.03424903,0.119,0.461711712,0.463513514,0.845945946,0.631081081,0.831531532,0.792342342,0.071,0.832432432,0.845945946
summer,Pipistrellus kuhlii,0.245025,0.194503616,0.225503222,0.12106831,0.531,0.484864865,0.484279279,0.918918919,0.758468468,0.812702703,0.664054054,0.499,0.918918919,0.918918919
summer,Pipistrellus nathusii,0.175827738,0.168752419,0.209129227,0.132449509,0.318,0.494052809,0.49392826,0.936417985,0.761022543,0.915524972,0.781915556,0.296,0.943174742,0.943174742
summer,Pipistrellus pipistrellus,0.18404781,0.187372064,0.205827375,0.123311906,0.488,0.489388569,0.489521489,0.933030572,0.800686752,0.883850244,0.678466992,0.489,0.933030572,0.93630926
summer,Pipistrellus pygmaeus,0.20756064,0.174438815,0.22675737,0.169093925,0.543,0.461085659,0.461059024,0.894736842,0.696356275,0.86082996,0.725708502,0.543,0.894736842,0.894736842
summer,Pipistrellus tenuis,0,1.00E-04,0.0484,1.00E-04,0.112,0.448380567,0.467611336,0.839574899,0.773785425,0.776315789,0.832995951,0.035,0.776315789,0.839574899
summer,Platyrrhinus brachycephalus,0.03705625,0.16,0.195306972,0.026537461,0.336,0.488684211,0.493157895,0.866842105,0.874473684,0.855263158,0.820789474,0.202,0.934210526,0.960526316
summer,Platyrrhinus dorsalis,0.004751148,0.198073904,0.205976331,0.012811255,0.232,0.472768223,0.478705979,0.797911548,0.77047502,0.868345618,0.780917281,0.121,0.868345618,0.878378378
summer,Platyrrhinus helleri,0.18275625,0.210790712,0.216605356,0.108765136,0.551,0.468121523,0.468014549,0.885055627,0.756151048,0.839751819,0.672978177,0.535,0.87847668,0.885055627
summer,Platyrrhinus infuscus,0.087025,0.120449827,0.194636678,0.04,0.104,0.484553776,0.483409611,0.899885584,0.736556064,0.940789474,0.856407323,0.07,0.90389016,0.899885584
summer,Platyrrhinus lineatus,0.190920448,0.13114532,0.210541245,0.175330023,0.407,0.472766218,0.472307222,0.924112607,0.719247246,0.894736842,0.864902081,0.397,0.924112607,0.924112607
summer,Platyrrhinus vittatus,0.109450694,0.118516528,0.200782346,0.025112724,0.04,0.474062772,0.471883173,0.921970357,0.735832607,0.835658239,0.810156931,0.031,0.901700087,0.921970357
summer,Plecotus auritus,0.202159234,0.13438569,0.213850665,0.187352671,0.489,0.469415113,0.46877578,0.898490348,0.723333608,0.860254083,0.78285349,0.507,0.898799703,0.898799703
summer,Plecotus austriacus,0.19649349,0.191885295,0.230206101,0.165158771,0.459,0.493384009,0.493430931,0.959271772,0.801238739,0.903340841,0.746058559,0.476,0.959271772,0.959271772
summer,Ptenochirus jagori,0,0.25,0.25,0,0.646,0.496361746,0.494802495,0.916320166,0.898648649,0.993243243,0.916320166,0.337,0.993243243,0.993243243
summer,Pteronotus davyi,0.08850625,0.15015625,0.217222577,0.140625,0.238,0.479876616,0.480611046,0.879259694,0.714747356,0.864277321,0.848413631,0.183,0.930963572,0.924206816
summer,Pteronotus gymnonotus,0.027777778,0.206341578,0.230776624,0.090392584,0.374,0.450591216,0.493243243,0.875,0.655405405,0.780405405,0.869932432,0.225,0.793918919,0.923986486
summer,Pteronotus parnellii,0.140336686,0.129323225,0.200198882,0.109196355,0.113,0.474825632,0.474389712,0.890802092,0.655841325,0.816695728,0.724498692,0.1,0.866608544,0.890802092
summer,Pteronotus personatus,0.045918367,0.181568347,0.196559004,0.042806183,0.128,0.475289575,0.473938224,0.851930502,0.741698842,0.888803089,0.838416988,0.075,0.888803089,0.888803089
summer,Pteronotus quadridens,6.25E-06,0.213017751,0.213017751,0,0.129,0.492324561,0.495614035,0.826754386,0.986842105,0.986842105,0.833333333,0.07,0.986842105,0.986842105
summer,Pteropus alecto,0.194636678,0.132431427,0.20486574,0.146738424,0.439,0.471150427,0.471506046,0.953058321,0.778093883,0.872332859,0.825391181,0.432,0.953058321,0.953058321
summer,Pteropus conspicillatus,0.111111111,0.234619141,0.25,0.022033691,0.45,0.49380805,0.498452012,0.941176471,0.809597523,0.862229102,0.862616099,0.308,0.947368421,0.967105263
summer,Pteropus giganteus,0.111111111,0.237806737,0.234806051,0.0625,0.204,0.481702303,0.481907895,0.911184211,0.881578947,0.909539474,0.840460526,0.146,0.927631579,0.916118421
summer,Pteropus poliocephalus,0.1369,0.218396904,0.235997224,0.155374826,0.289,0.498648649,0.498423423,0.953153153,0.892342342,0.95990991,0.865315315,0.246,0.986486486,0.986486486
summer,Pteropus scapulatus,0.1521,0.155958058,0.21725079,0.082778117,0.199,0.48071509,0.48022241,0.931306306,0.782657658,0.896959459,0.802364865,0.164,0.941722973,0.941722973
summer,Pteropus vampyrus,0.015625,0.163657025,0.135557851,8.26E-05,0.142,0.420508744,0.45190779,0.803259141,0.682432432,0.716216216,0.744435612,0.072,0.702702703,0.810015898
summer,Pygoderma bilabiatum,0.140625,0.207612513,0.203954214,0.049183793,0.218,0.493918919,0.494932432,0.95,0.868918919,0.859459459,0.886486486,0.185,0.92972973,0.95
summer,Rhinolophus affinis,0.0961,0.210804595,0.215242465,0.131755039,0.195,0.492141813,0.49250731,0.910087719,0.848684211,0.945906433,0.937865497,0.147,0.95248538,0.95248538
summer,Rhinolophus alcyone,0,0.113035077,0.150490488,0,0.308,0.437865497,0.472222222,0.77119883,0.796052632,0.769736842,0.77119883,0.14,0.776315789,0.855263158
summer,Rhinolophus arcuatus,0,0.25,0.25,0.0625,0.368,0.5,0.5,0.846153846,0.960526316,1,0.923076923,0.248,1,1
summer,Rhinolophus blasii,0,0.034293553,0.197530864,0.031769762,0.192,0.445802005,0.468984962,0.789786967,0.538220551,0.806077694,0.707393484,0.084,0.792919799,0.871867168
summer,Rhinolophus borneensis,0,0.178994083,0.170950444,0,0.234,0.465460526,0.484375,0.75,0.907894737,0.907894737,0.75,0.13,0.907894737,0.907894737
summer,Rhinolophus clivosus,0.01500625,0.066157776,0.18514816,0.060119268,0.172,0.463579433,0.473961767,0.84690178,0.556361239,0.825477917,0.572841134,0.096,0.870138431,0.899802241
summer,Rhinolophus eloquens,0.027777778,0.06781684,0.057400174,0.111111111,0.063,0.439189189,0.440748441,0.846153846,0.862266112,0.819126819,0.916320166,0.06,0.902806653,0.916320166
summer,Rhinolophus euryale,0.202091116,0.170805907,0.216257519,0.195326911,0.524,0.487237237,0.487237237,0.947697698,0.876876877,0.935935936,0.920670671,0.525,0.947697698,0.947697698
summer,Rhinolophus ferrumequinum,0.163502836,0.175858481,0.211797896,0.111649396,0.395,0.483108108,0.482841394,0.906116643,0.781116643,0.847617354,0.679765292,0.342,0.899537696,0.91269559
summer,Rhinolophus fumigatus,0.006944444,0.089630011,0.184051593,0.156073769,0.191,0.448807566,0.476356908,0.830592105,0.59375,0.825657895,0.84375,0.133,0.8125,0.855263158
summer,Rhinolophus hildebrandtii,0.060025,0.158967189,0.208754459,0.085279104,0.128,0.485793486,0.488045738,0.883922384,0.752772003,0.867636868,0.889293139,0.086,0.887907138,0.902806653
summer,Rhinolophus hipposideros,0.175536354,0.20455062,0.218662513,0.1661952,0.466,0.463374519,0.463775674,0.876444159,0.781129653,0.884467266,0.785943517,0.477,0.88254172,0.88254172
summer,Rhinolophus landeri,6.25E-06,0.111111111,0.104275174,0.023874542,0.132,0.439555921,0.458881579,0.792763158,0.654605263,0.733552632,0.717105263,0.065,0.751644737,0.792763158
summer,Rhinolophus lepidus,0,0.120982987,0.084015963,0.0625,0.085,0.432432432,0.462462462,0.777777778,0.726726727,0.68993994,0.888888889,0.058,0.713213213,0.888888889
summer,Rhinolophus megaphyllus,0.207784028,0.205322266,0.244350465,0.24294817,0.509,0.49736601,0.49736601,0.97972973,0.78344022,0.942510307,0.952702703,0.531,0.97972973,0.97972973
summer,Rhinolophus philippinensis,0,0.214958678,0.214958678,0.0625,0.431,0.430921053,0.497532895,0.75,0.776315789,0.743421053,0.875,0.245,0.776315789,0.980263158
summer,Rhinolophus simulator,0,0.225625,0.221684028,6.94E-05,0.155,0.477839335,0.486842105,0.782894737,0.736842105,0.861842105,0.717105263,0.077,0.875,0.875
summer,Rhinonicteris aurantia,0.25,0.21824237,0.244065493,0.16,0.509,0.488305613,0.488045738,0.986486486,0.885135135,0.959459459,0.948024948,0.474,0.986486486,0.986486486
summer,Rhinophylla fischerae,0.027777778,0.25,0.25,0.10523845,0.48,0.483108108,0.488597973,0.861486486,0.822635135,0.945945946,0.910472973,0.319,0.945945946,0.972972973
summer,Rhinophylla pumilio,0.198025,0.222244898,0.231315193,0.075406904,0.498,0.467972973,0.467972973,0.932702703,0.764054054,0.838648649,0.845675676,0.44,0.925945946,0.932702703
summer,Rhinopoma hardwickii,0.027777778,0.23214876,0.193067034,0.01543618,0.408,0.432186235,0.490384615,0.846153846,0.673076923,0.70597166,0.76062753,0.242,0.763157895,0.903340081
summer,Rhinopoma microphyllum,6.25E-06,0.20661157,0.173611111,0,0.25,0.449561404,0.490131579,0.833333333,0.695175439,0.824561404,0.807017544,0.132,0.824561404,0.901315789
summer,Rhogeessa parvula,0.08850625,0.183071755,0.158691212,0.035541521,0.107,0.482972973,0.483243243,0.906486486,0.72972973,0.85972973,0.832702703,0.062,0.892972973,0.89972973
summer,Rhogeessa tumida,0.146012167,0.206201627,0.243835009,0.147452189,0.271,0.485941587,0.486268527,0.917829119,0.73016565,0.857018309,0.839363557,0.22,0.939189189,0.945945946
summer,Rhynchonycteris naso,0.13791095,0.143246099,0.162832463,0.073875038,0.166,0.461591479,0.461278195,0.860275689,0.705137845,0.792230576,0.752067669,0.138,0.85075188,0.853696742
summer,Rousettus aegyptiacus,0.072485207,0.105224437,0.165739982,0.043984256,0.112,0.441801619,0.453947368,0.861639676,0.453744939,0.662044534,0.51082996,0.072,0.780566802,0.863866397
summer,Rousettus amplexicaudatus,0.002309336,0.146579592,0.155461224,0.033436735,0.089,0.456388206,0.465806716,0.845004095,0.675880426,0.858312858,0.868550369,0.043,0.804463554,0.878583129
summer,Rousettus leschenaultii,0,0.065131293,0.045600043,0.024414063,0.066,0.357068607,0.426715177,0.755717256,0.60966736,0.619022869,0.798856549,0.04,0.67047817,0.798856549
summer,Saccolaimus flaviventris,0.122250128,0.129700719,0.209802435,0.103476943,0.153,0.476067887,0.475495805,0.93020595,0.785469108,0.918382914,0.870995423,0.127,0.944698703,0.944698703
summer,Saccolaimus saccolaimus,0,0.074249041,0.068594104,0.001574704,0.118,0.358590734,0.438706564,0.785714286,0.623552124,0.647683398,0.697876448,0.057,0.640926641,0.843629344
summer,Saccopteryx bilineata,0.16605625,0.166406973,0.188477353,0.133902876,0.315,0.455484897,0.455712015,0.839654781,0.662502839,0.763683852,0.680785828,0.302,0.839654781,0.839654781
summer,Saccopteryx canescens,0,0.172252125,0.206341578,0,0.294,0.467905405,0.487753378,0.798986486,0.734797297,0.918918919,0.8125,0.151,0.905405405,0.939189189
summer,Saccopteryx leptura,0.193200207,0.168538092,0.198172719,0.116958078,0.488,0.462712713,0.462837838,0.873373373,0.687687688,0.810810811,0.778778779,0.459,0.866616617,0.873373373
summer,Scoteanax rueppellii,0.24750625,0.218071378,0.25,0.135368459,0.647,0.5,0.5,1,0.822368421,0.973684211,0.939223058,0.585,1,1
summer,Scotoecus hirundo,0,0.073350694,0.037136502,6.10E-05,0.09,0.423596674,0.438669439,0.769230769,0.855509356,0.862266112,0.762474012,0.057,0.862266112,0.855509356
summer,Scotophilus dinganii,0.01380625,0.169220041,0.176782025,0.017676911,0.272,0.443914474,0.466940789,0.810526316,0.613157895,0.796052632,0.671052632,0.144,0.772368421,0.838157895
summer,Scotophilus kuhlii,0.03900625,0.214475275,0.241870465,0.057482028,0.261,0.4653349,0.471797885,0.858989424,0.774089307,0.868683901,0.838719154,0.162,0.891891892,0.888954172
summer,Scotophilus leucogaster,0.00950625,0.167136678,0.181877163,0.001576557,0.277,0.470916569,0.480317274,0.8193302,0.559635723,0.878378378,0.745005875,0.142,0.885135135,0.878378378
summer,Scotophilus viridis,0,0.143116094,0.095804989,0.001007811,0.136,0.388288288,0.461261261,0.8,0.66981982,0.651351351,0.793243243,0.063,0.651351351,0.832882883
summer,Scotorepens balstoni,0.13875625,0.192811062,0.237343853,0.132921007,0.127,0.487622658,0.487845674,0.9294157,0.820361285,0.900312221,0.883363069,0.104,0.913470116,0.922836753
summer,Scotorepens greyii,0.13875625,0.207530864,0.235026504,0.089299614,0.303,0.492960526,0.493026316,0.940263158,0.804473684,0.967105263,0.910263158,0.223,0.963684211,0.963684211
summer,Scotorepens orion,0.16,0.224746228,0.25,0.09,0.394,0.497368421,0.497631579,0.946842105,0.914473684,0.986842105,0.913421053,0.344,0.986842105,0.986842105
summer,Scotorepens sanborni,0.015625,0.197530864,0.25,0.027777778,0.241,0.49002574,0.49002574,0.891248391,0.628378378,0.939189189,0.884491634,0.129,0.972972973,0.97972973
summer,Sturnira bidens,0.140625,0.218288095,0.241870465,0.015625,0.262,0.494369369,0.494744745,0.937687688,0.905405405,0.883633634,0.81981982,0.209,0.930930931,0.937687688
summer,Sturnira bogotensis,0.026950694,0.193067034,0.226345271,0.023884298,0.404,0.490890688,0.499493927,0.846153846,0.857287449,0.909919028,0.773785425,0.239,0.909919028,0.986842105
summer,Sturnira erythromos,0.074380165,0.241416952,0.224700624,0.058420215,0.164,0.484398034,0.487100737,0.888820639,0.821253071,0.857125307,0.800982801,0.1,0.877886978,0.907002457
summer,Sturnira lilium,0.169629043,0.127241993,0.185906561,0.102067802,0.533,0.439113704,0.435793198,0.836395233,0.697120159,0.768619662,0.511295929,0.544,0.836395233,0.836395233
summer,Sturnira ludovici,0.133898217,0.193750457,0.23423118,0.099332722,0.173,0.476210586,0.477195946,0.884009009,0.71509009,0.808558559,0.617398649,0.145,0.850225225,0.877252252
summer,Sturnira luisi,0,0.236844444,0.224044444,0.111111111,0.252,0.456140351,0.487280702,0.8,0.782017544,0.827192982,0.874122807,0.166,0.820614035,0.907017544
summer,Sturnira magna,0.0625,0.207612513,0.245984001,0.015625,0.231,0.493243243,0.494594595,0.893243243,0.828378378,0.959459459,0.82972973,0.138,0.952702703,0.952702703
summer,Sturnira parvidens,0.154711111,0.182548993,0.243355779,0.213017751,0.364,0.498411978,0.498241833,0.945780399,0.842558984,0.960980036,0.842105263,0.333,0.967105263,0.965063521
summer,Sturnira tildae,0.1369,0.217478735,0.210804595,0.126571746,0.23,0.477395412,0.477226721,0.902665317,0.824392713,0.843454791,0.836875843,0.181,0.895411606,0.902665317
summer,Syconycteris australis,0.049405165,0.149114793,0.228925444,0.044423669,0.329,0.489594595,0.492162162,0.872972973,0.630540541,0.905675676,0.805405405,0.194,0.939459459,0.952702703
summer,Tadarida aegyptiaca,0,0.14927686,0.0625,0.003673095,0.221,0.350877193,0.464912281,0.833333333,0.592105263,0.513157895,0.701754386,0.126,0.583333333,0.833333333
summer,Tadarida brasiliensis,0.181156641,0.081030798,0.163197637,0.044975324,0.493,0.461894319,0.458719716,0.816478697,0.634837093,0.803132832,0.39408939,0.441,0.816478697,0.816478697
summer,Tadarida teniotis,0.146012167,0.172208199,0.202560733,0.083404816,0.237,0.481964657,0.481964657,0.94033264,0.833367983,0.858523909,0.703846154,0.199,0.930561331,0.948960499
summer,Taphozous georgianus,0.183469444,0.230637098,0.242647462,0.184581619,0.382,0.495157164,0.495248538,0.945906433,0.80628655,0.946637427,0.932748538,0.353,0.973684211,0.973684211
summer,Taphozous hilli,0.13875625,0.188323247,0.245305269,0.236049306,0.371,0.496411483,0.496411483,0.94138756,0.934210526,0.980263158,0.986842105,0.36,0.986842105,0.986842105
summer,Taphozous mauritianus,0,0.085689256,0.155666116,0.0064,0.124,0.473440546,0.476608187,0.808235867,0.671052632,0.846978558,0.812378168,0.067,0.84039961,0.84039961
summer,Taphozous melanopogon,0.027777778,0.213017751,0.237343853,0.023668639,0.202,0.482142857,0.490601504,0.857142857,0.868421053,0.894736842,0.837406015,0.122,0.889097744,0.915413534
summer,Taphozous perforatus,0,0.034613304,0.000135208,0.056821255,0.021,0.407657658,0.42286036,0.833333333,0.673423423,0.650900901,0.869369369,0.029,0.869369369,0.896396396
summer,Taphozous troughtoni,0.027777778,0.134444444,0.182993827,0.027777778,0.256,0.484817814,0.487854251,0.839574899,0.802631579,0.927631579,0.846153846,0.146,0.914473684,0.914473684
summer,Thyroptera tricolor,0.006534028,0.151967825,0.145432347,0.02075553,0.071,0.434434434,0.454954955,0.787787788,0.692942943,0.784034034,0.764014014,0.036,0.774024024,0.817817818
summer,Tonatia bidens,0,0.01890625,0.024414063,0,0.079,0.376233553,0.424753289,0.75,0.516447368,0.611842105,0.733552632,0.033,0.644736842,0.75
summer,Tonatia saurophila,0.00950625,0.215951557,0.205155709,0.006306228,0.257,0.451295045,0.485641892,0.826576577,0.747747748,0.797297297,0.731981982,0.172,0.788288288,0.884009009
summer,Trachops cirrhosus,0.077701563,0.164063945,0.209702351,0.157319018,0.117,0.460444079,0.463075658,0.840131579,0.7875,0.773026316,0.836842105,0.098,0.819736842,0.857236842
summer,Trinycteris nicefori,0.03900625,0.209349413,0.209349413,0.053422036,0.254,0.482368421,0.482894737,0.887105263,0.881578947,0.901315789,0.860789474,0.156,0.914473684,0.927105263
summer,Tonatia bidens,0,0.009536743,0.033706665,0.005802155,0.101,0.382401316,0.431332237,0.75,0.552631579,0.631578947,0.733552632,0.039,0.638157895,0.75
summer,Tonatia saurophila,0.00950625,0.215951557,0.205155709,0.006306228,0.257,0.451295045,0.485641892,0.826576577,0.747747748,0.797297297,0.731981982,0.172,0.788288288,0.884009009
summer,Trachops cirrhosus,0.077701563,0.164063945,0.209702351,0.157319018,0.117,0.460444079,0.463075658,0.840131579,0.7875,0.773026316,0.836842105,0.098,0.819736842,0.857236842
summer,Trinycteris nicefori,0.04,0.206205321,0.218288095,0.069661381,0.184,0.461891892,0.478918919,0.85972973,0.763513514,0.858108108,0.838918919,0.112,0.845135135,0.865945946
summer,Uroderma bilobatum,0.14877551,0.158978182,0.194332461,0.086578984,0.383,0.431031031,0.427227227,0.767017017,0.684634635,0.779229229,0.628878879,0.329,0.775725726,0.775725726
summer,Uroderma convexum,0.03900625,0.191783591,0.229738407,0.000668847,0.454,0.483952703,0.494369369,0.861486486,0.773648649,0.882882883,0.757882883,0.25,0.890765766,0.966216216
summer,Uroderma davisi,0,0.225625,0.25,0.015625,0.33,0.49744152,0.499269006,0.777777778,0.980263158,0.980263158,0.833333333,0.189,0.986842105,0.986842105
summer,Uroderma magnirostrum,0.048277855,0.178271605,0.222244898,0.165119678,0.258,0.451934889,0.465448403,0.839066339,0.682432432,0.792383292,0.862407862,0.186,0.828624079,0.855036855
summer,Vampyressa pusilla,0.05640625,0.158574617,0.183673469,0.125012755,0.329,0.447096032,0.461040828,0.83280621,0.650373778,0.7719954,0.742236918,0.247,0.783783784,0.857101783
summer,Vampyressa thyone,0.019700128,0.223809309,0.217971057,0.166355893,0.163,0.456478537,0.473966614,0.825914149,0.722972973,0.810413355,0.85572337,0.117,0.821939587,0.830683625
summer,Vampyriscus bidens,0.171534028,0.225625,0.220378086,0.104724151,0.38,0.488416988,0.488899614,0.944015444,0.802123552,0.918918919,0.888030888,0.35,0.944015444,0.944015444
summer,Vampyriscus nymphaea,0.0625,0.201848351,0.208412098,0.052103025,0.393,0.473648649,0.489864865,0.893243243,0.739189189,0.837837838,0.852702703,0.267,0.898648649,0.939189189
summer,Vampyrodes caraccioli,0.09765625,0.181671594,0.195915077,0.124227358,0.135,0.465120526,0.470598977,0.885135135,0.736486486,0.790540541,0.810810811,0.109,0.844594595,0.885135135
summer,Vampyrum spectrum,0,0.134444444,0.125434028,0.006944444,0.184,0.432748538,0.473684211,0.77119883,0.67251462,0.747076023,0.76754386,0.092,0.740497076,0.862573099
summer,Vespadelus baverstocki,0.109450694,0.184459237,0.218976003,0.025682117,0.391,0.495476974,0.495888158,0.924342105,0.894736842,0.980263158,0.861842105,0.285,0.980263158,0.980263158
summer,Vespadelus caurinus,0.111111111,0.228957105,0.239362932,0.111111111,0.199,0.498464912,0.498464912,0.926754386,0.834210526,0.986842105,0.926754386,0.146,0.986842105,0.986842105
summer,Vespadelus darlingtoni,0.13875625,0.215561224,0.23534049,0.183673469,0.43,0.497688478,0.497688478,0.966394026,0.933499289,0.986842105,0.966394026,0.429,0.993421053,0.993421053
summer,Vespadelus finlaysoni,0.195314892,0.233198188,0.237343853,0.181716387,0.415,0.496424485,0.496424485,0.958524027,0.877574371,0.960526316,0.958524027,0.41,0.967105263,0.967105263
summer,Vespadelus pumilus,0.16,0.197530864,0.246835475,0.180287856,0.26,0.493932708,0.494622173,0.94567016,0.789851076,0.912162162,0.884997242,0.22,0.972972973,0.97972973
summer,Vespadelus regulus,0.128620041,0.20204571,0.235778211,0.132231405,0.228,0.49988146,0.49988146,0.947368421,0.966216216,0.98245614,0.947368421,0.192,0.993243243,0.993243243
summer,Vespadelus troughtoni,0.173611111,0.176516686,0.243103781,0.0625,0.279,0.494517544,0.494517544,0.960087719,0.682017544,0.947368421,0.893421053,0.245,0.960087719,0.960087719
summer,Vespadelus vulturnus,0.210834028,0.180942303,0.238202272,0.217777778,0.537,0.499907442,0.499907442,0.98630137,0.939004073,0.97972973,0.979544613,0.537,0.993243243,0.986486486
summer,Vespertilio murinus,0.141592568,0.143391848,0.216984621,0.139049634,0.233,0.479978445,0.47906649,0.902379373,0.67957221,0.812137291,0.705894545,0.203,0.900514011,0.908514343
