"taxon","NM","SD","LD","dist_.km.","bearing","D","I","rank.corr","adult_mass_g","brain_mass_g","adult_body_length_mm","adult_forearm_length_mm","max_longevity_d","maturity_d","female_maturity_d","male_maturity_d","age_first_reproduction_d","gestation_length_d","teat_number_n","litter_size_n","litters_per_year_n","interbirth_interval_d","neonate_mass_g","weaning_age_d","weaning_mass_g","generation_length_d","dphy_invertebrate","dphy_vertebrate","dphy_plant","det_inv","det_vend","det_vect","det_vfish","det_vunk","det_scav","det_fruit","det_nect","det_seed","det_plantother","X1_dietary.cat","X2_dietary.cat","X3_dietary.cat","X4_dietary.cat","herbivore","omnivore","carnivore","aerial.foraging","scansorial.foraging","arboreal.foraging","ground.level.aquatic.foraging","upper_elevation_m","lower_elevation_m","altitude_breadth_m","island_dwelling","Occurs.on.mainland","Island.endemic","disected_by_mountains","glaciation","Nearctic","Neotropical","HB1","HB2","HB3","HB4"
"Ametrida_centurio",0,1,0,308.0364726,-122.5098199,0.129349643,0.354433872,0.301357647,11.305,0.29,55,29,6025.173,NA,343.884,NA,475.773,111.907,NA,1,1.91,244.586,NA,38.145,NA,2037.805,0,0,100,0,0,0,0,0,0,100,0,0,0,1,0,0,0,1,0,0,0,0,1,0,2100,NA,NA,0,1,0,1,0,0,1,1,0,0,0
"Anoura_caudifer",0,1,0,515.8896458,-124.354812,0.51408284,0.527899801,0.297001859,11.155,0.422,57.16,36.25,4707.583,NA,427.843,NA,532.35,107.97,NA,0.995,1.666,249.319,2.14,56.531,NA,2040.048,30,0,70,30,0,0,0,0,0,30,40,0,0,0,0,1,0,0,1,0,0,0,1,0,2880,200,2680,0,1,0,1,0,0,1,1,0,0,0
"Anoura_cultrata",0,1,0,239.5345662,-86.23459336,0.164978359,0.401260449,0.269374164,17.39,0.556,78,42.8,4680.145,NA,346.051,NA,457.491,116.695,NA,1.22,1.749,243.755,3.65,56.366,NA,1967.697,30,0,70,30,0,0,0,0,0,30,40,0,0,0,0,1,0,1,0,0,0,0,1,0,2600,50,2550,0,1,0,1,0,0,1,0,1,0,0
"Anoura_geoffroyi",0,1,0,193.0514483,-36.53344751,0.614001721,0.707053254,0.510525461,15.2,0.583,73,42.66,3650,NA,500.387,NA,630.647,121.76,NA,1,1,365,5.1,62.5,8.24,1963.008,30,0,70,30,0,0,0,0,0,30,40,0,0,0,0,1,0,0,0,1,0,0,1,0,3600,400,3200,0,1,0,1,0,0,1,0,0,1,0
"Artibeus_amplus",1,0,0,79.18697465,-135.4608684,0.486242838,0.686896236,0.248557286,61.04,1.141,92.325,70.5,6011.063,NA,383.434,NA,511.639,117.123,NA,1,1.826,238.248,NA,46.324,NA,2074.716,10,0,90,10,0,0,0,0,0,80,10,0,0,1,0,0,0,0,1,0,0,0,1,0,2630,25,2605,0,1,0,1,0,0,1,1,0,0,0
"Artibeus_concolor",1,0,0,99.24440893,-51.31748104,0.565633679,0.584234999,0.523660131,19.675,0.633,71.683,47.34,5840.654,NA,352.735,NA,481.318,114.131,NA,0.989,1.89,238.343,NA,45.85,NA,2064.512,10,0,90,10,0,0,0,0,0,80,10,0,0,1,0,0,0,1,0,0,0,0,1,0,1000,NA,NA,0,1,0,0,0,0,1,1,0,0,0
"Artibeus_fimbriatus",0,1,0,381.5192429,-117.7519689,0.245558117,0.273203921,0.199866388,63.895,1.149,91.141,NA,5950.901,NA,392.648,NA,518.744,117.544,NA,0.992,1.801,237.943,NA,47.592,NA,2094.158,10,0,90,10,0,0,0,0,0,80,10,0,0,1,0,0,0,0,1,0,0,0,1,0,NA,NA,NA,0,1,0,1,0,0,1,1,0,0,0
"Artibeus_fraterculus",0,1,0,181.7978399,-179.4833596,0.502904662,0.572923115,0.556664099,45.65,0.947,93,56,7014.083,326.825,288.37,365.28,394.91,106.54,NA,1,2,219.849,8.9,15,33.79,1876.919,10,0,90,10,0,0,0,0,0,80,10,0,0,1,0,0,0,0,1,0,0,0,1,0,NA,NA,NA,0,1,0,1,0,0,1,0,1,0,0
"Artibeus_hirsutus",0,1,0,218.227584,-43.42803599,0.403811087,0.535077771,0.468419717,40.42,0.804,70,55.88,6227.931,NA,316.646,NA,445.714,112.195,NA,0.98,1.963,229.487,NA,36.594,NA,1948.277,10,0,90,10,0,0,0,0,0,80,10,0,0,1,0,0,0,0,1,0,0,0,1,0,NA,NA,NA,0,1,0,1,0,0,1,0,0,1,0
"Artibeus_jamaicensis",0,0,1,1243.165411,-43.60856951,0.549430288,0.599447447,0.4171038,46.1,0.93,93,60.34,7014.083,333.22,288.37,365.28,440.57,106.54,NA,1,2,219.849,8.9,15,33.79,1920.478,10,0,90,10,0,0,0,0,0,80,10,0,0,1,0,0,0,0,1,0,0,0,1,0,NA,NA,NA,0,1,0,1,0,0,1,0,0,0,1
"Artibeus_lituratus",0,1,0,357.0110306,23.26347387,0.586528119,0.615930682,0.555148056,46.1,1.05,93,70.33,7014.083,326.825,288.37,365.28,394.91,106.54,NA,1,2,219.849,8.9,15,33.79,1878.836,10,0,90,10,0,0,0,0,0,80,10,0,0,1,0,0,0,0,1,0,0,0,1,0,NA,NA,NA,0,1,0,1,0,0,1,0,1,0,0
"Artibeus_obscurus",0,1,0,274.6529004,-72.30420445,0.725951693,0.818098634,0.688468789,45.65,0.994,93,NA,7014.083,326.825,288.37,365.28,394.91,106.54,NA,1,2,219.849,8.9,15,33.79,1879.597,10,0,90,10,0,0,0,0,0,80,10,0,0,1,0,0,0,0,1,0,0,0,1,0,500,NA,NA,0,1,0,1,0,0,1,0,1,0,0
"Artibeus_planirostris",0,1,0,304.9835506,152.9827808,0.729812962,0.835829824,0.592721236,47,0.93,93,60.34,7014.083,333.22,288.37,365.28,440.57,106.54,NA,1,2,219.849,8.9,15,33.79,1920.478,20,0,80,10,0,0,0,0,0,80,10,0,0,1,0,0,0,0,1,0,0,0,1,0,NA,NA,NA,NA,1,0,NA,NA,0,1,0,1,0,0
"Carollia_brevicauda",0,1,0,557.7758967,-55.84668984,0.707645666,0.721445861,0.444261198,14.85,0.551,70,40.26,5397.685,NA,415.332,NA,536.402,114.949,NA,0.98,1.724,234.833,NA,61.246,NA,2093.991,0,0,100,0,0,0,0,0,0,100,0,0,0,1,0,0,0,0,1,0,0,0,1,0,NA,NA,NA,0,1,0,1,0,0,1,0,1,0,0
"Carollia_castanea",0,1,0,896.3118737,-51.80318779,0.458621056,0.646242335,0.411814437,13.1,0.448,60,36.2,5615.965,NA,361.569,NA,489.606,111.668,NA,0.99,1.818,235.505,NA,59.1,NA,2040.463,0,0,100,0,0,0,0,0,0,100,0,0,0,1,0,0,0,0,1,0,0,0,1,0,1100,50,1050,0,1,0,1,0,0,1,0,1,0,0
"Carollia_perspicillata",0,1,0,674.5112224,-42.3096079,0.767903433,0.786440895,0.619825676,16.4,0.47,66.995,42.45,6205,298.14,258,258,410.62,95,NA,1,2,158.891,5,35.63,12.5,1847.535,0,0,100,0,0,0,0,0,0,100,0,0,0,1,0,0,0,0,1,0,0,0,1,0,NA,NA,NA,0,1,0,1,0,0,1,0,1,0,0
"Carollia_sowelli",0,1,0,263.8328424,-84.33231273,0.424597775,0.629508711,0.503271111,16.5,0.528,70,40.26,5401.267,NA,374.724,NA,497.208,114.251,NA,0.98,1.757,232.652,NA,57.757,NA,2066.746,20,0,80,0,0,0,0,0,0,100,0,0,0,1,0,0,0,0,1,0,0,0,1,0,NA,NA,NA,NA,1,0,NA,NA,0,1,0,1,0,0
"Carollia_subrufa",0,1,0,360.5916451,-64.81068617,0.608191229,0.753083777,0.322330302,14.47,0.531,60.5,39.41,5907.815,NA,293.572,NA,413.047,112.86,NA,0.985,2,235.366,NA,64.567,NA,1881.258,0,0,100,0,0,0,0,0,0,100,0,0,0,1,0,0,0,1,0,0,0,0,1,0,1200,NA,NA,0,1,0,1,0,0,1,0,0,1,0
"Centurio_senex",0,0,1,1310.61175,-62.24854866,0.399852224,0.58537609,0.331815086,23.09,0.688,68,44,5883.757,NA,370.66,NA,495.951,115.425,NA,0.995,1.858,240.505,NA,51.375,NA,2079.503,0,0,100,0,0,0,0,0,0,100,0,0,0,1,0,0,0,1,0,0,0,0,1,0,1400,NA,NA,1,1,0,0,0,0,1,0,1,0,0
"Chiroderma_salvini",0,1,0,585.1733465,129.7408984,0.329887,0.55139269,0.319289859,26.3,0.787,87,47.5,5747.088,NA,371.443,NA,495.238,116.726,NA,0.99,1.813,242.496,NA,53.354,NA,2090.563,0,0,100,0,0,0,0,0,0,100,0,0,0,1,0,0,0,1,0,0,0,0,1,0,NA,NA,NA,0,1,0,1,0,0,1,0,1,0,0
"Chiroderma_trinitatum",0,1,0,174.1834647,-30.01280107,0.816633256,0.872503558,0.698903542,13.91,0.537,70,36.38,5771.293,NA,376.183,NA,498.997,114.695,NA,0.98,1.852,241.171,NA,52.354,NA,2069.789,0,0,100,0,0,0,0,0,0,100,0,0,0,1,0,0,0,1,0,0,0,0,1,0,1000,NA,NA,0,1,0,1,0,0,1,0,1,0,0
"Chiroderma_villosum",0,1,0,227.5410614,-62.18047932,0.6912282,0.793093927,0.496535243,23.81,0.706,71.495,45.51,5636.694,NA,410.339,NA,532.274,121.66,NA,0.99,1.725,243.625,NA,53.849,NA,2132.481,0,0,100,0,0,0,0,0,0,100,0,0,0,1,0,0,0,1,0,0,0,0,1,0,600,NA,NA,0,1,0,1,0,0,1,1,0,0,0
"Choeroniscus_godmani",0,1,0,673.7757243,-57.43067017,0.230550554,0.406975068,0.23425689,7.9,0.34,58,34,4701.682,NA,425.652,NA,534.886,114.4,NA,0.98,1.62,260.245,NA,53.774,NA,2051.861,30,0,70,30,0,0,0,0,0,40,30,0,0,0,0,1,0,0,1,0,0,0,1,0,1600,0,1600,0,1,0,1,0,0,1,0,1,0,0
"Choeronycteris_mexicana",1,0,0,49.55150701,30.52795342,0.518839264,0.632897113,0.499041939,19.13,0.546,79.5,44.49,4790.724,NA,315.589,NA,431.461,115.489,NA,0.995,1,319.036,4.85,17.5,NA,1887.791,20,0,80,20,0,0,0,0,0,40,40,0,0,0,0,1,0,0,1,0,0,0,1,0,2400,300,2100,0,1,0,1,0,1,1,0,0,0,1
"Chrotopterus_auritus",0,1,0,136.0602996,139.9658281,0.30828961,0.531816223,0.375225355,84.38,2.64,108.5,82.56,5894.622,547.875,547.875,547.875,700.92,153.045,NA,0.995,1,355.199,NA,273.96,NA,2310.677,30,40,30,30,0,20,20,0,0,30,0,0,0,0,0,0,1,0,1,0,0,1,0,0,NA,NA,NA,0,1,0,1,0,0,1,0,1,0,0
"Dermanura_anderseni",0,1,0,412.3676507,96.95601946,0.38505639,0.609990006,0.365825956,6.91,0.511,58.039,35.49,5829.655,NA,388.003,NA,512.124,114.97,NA,0.98,1.849,242.16,NA,41.422,NA,2093.202,10,0,90,10,0,0,0,0,0,80,10,0,0,1,0,0,0,0,1,0,0,0,1,0,1300,NA,NA,0,1,0,1,0,0,1,1,0,0,0
"Dermanura_azteca",0,1,0,156.9288905,-87.42684696,0.553618298,0.57044283,0.477835313,16.755,0.57,75,44.36,6307.819,NA,294.255,NA,416.374,115.3,NA,0.99,2,221.613,NA,35.735,NA,1915.893,10,0,90,10,0,0,0,0,0,80,10,0,0,1,0,0,0,0,1,0,0,0,1,0,3000,600,2400,0,1,0,1,0,0,1,0,1,0,0
"Dermanura_bogotensis",0,1,0,428.2769886,78.96155124,0.537480737,0.724040211,0.358710913,12.505,0.476,47,NA,5899.32,NA,361.781,NA,481.573,117.993,NA,0.99,1.88,236.771,NA,38.649,NA,2108.266,10,0,90,10,0,0,0,0,0,80,10,0,0,1,0,0,0,0,1,0,0,0,1,0,2600,100,2500,0,NA,NA,0,0,0,1,1,0,0,0
"Dermanura_cinerea",0,1,0,893.6137861,-36.31479331,0.267691805,0.517176798,0.18983981,12.7,0.468,56.649,38.99,6081.847,NA,303.854,NA,437.293,111.335,NA,0.99,1.968,233.383,NA,34.97,NA,1937.837,10,0,90,10,0,0,0,0,0,80,10,0,0,1,0,0,0,0,1,0,0,0,1,0,NA,NA,NA,0,1,0,0,0,0,1,0,0,1,0
"Dermanura_glauca",1,0,0,28.95428945,-156.7181236,0.772735721,0.814053779,0.505467584,12.505,0.476,47,NA,5984.62,NA,354.741,NA,477.199,117.278,NA,0.99,1.904,235.076,NA,36.691,NA,2102.364,10,0,90,10,0,0,0,0,0,80,10,0,0,1,0,0,0,0,1,0,0,0,1,0,NA,NA,NA,0,1,0,0,0,0,1,1,0,0,0
"Dermanura_gnomus",0,1,0,428.5663637,-68.16889466,0.640473945,0.696529458,0.500919857,12.31,0.471,47,NA,5859.848,NA,367.406,NA,485.258,117.169,NA,0.99,1.864,238.81,NA,40.633,NA,2108.511,20,0,80,NA,NA,NA,NA,NA,NA,NA,NA,NA,NA,1,0,0,0,0,1,0,0,0,1,0,800,NA,NA,NA,1,0,NA,NA,0,1,1,0,0,0
"Dermanura_phaeotis",0,1,0,530.8431916,-59.43576962,0.52970261,0.663064231,0.526906939,11.69,0.448,57.25,38.55,6207.577,NA,280.379,NA,404.335,111.805,NA,0.99,2,225.504,2.52,32.375,7.59,1880.237,10,0,90,10,0,0,0,0,0,80,10,0,0,1,0,0,0,0,1,0,0,0,1,0,1200,NA,NA,0,1,0,1,0,0,1,0,1,0,0
"Dermanura_tolteca",0,1,0,403.3324811,-70.09747698,0.473618801,0.635348475,0.457570484,14.085,0.544,65,39.5,6213.954,NA,287.692,NA,411.114,113.684,NA,0.99,2,225.425,NA,35.519,NA,1880.849,10,0,90,10,0,0,0,0,0,80,10,0,0,1,0,0,0,0,1,0,0,0,1,0,NA,NA,NA,0,1,0,1,0,0,1,0,0,1,0
"Dermanura_watsoni",0,1,0,161.9147673,169.2253218,0.515503571,0.5897288,0.438697261,12.31,0.447,52.5,NA,6078.628,NA,334.701,NA,466.957,112.813,NA,0.995,1.929,235.806,NA,37.599,NA,2049.614,20,0,80,NA,NA,NA,NA,NA,NA,NA,NA,NA,NA,1,0,0,0,0,1,0,0,0,1,0,800,NA,NA,0,1,0,1,0,0,1,0,1,0,0
"Desmodus_rotundus",0,0,1,1334.164064,-29.70106922,0.674661821,0.701971528,0.50745149,33.18,0.882,85.5,58.29,10658,285,285,285,285,189,NA,1,1.26,288.777,8,274,NA,2779.798,0,100,0,0,100,0,0,0,0,0,0,0,0,1,0,0,0,0,0,1,0,0,0,1,2400,NA,NA,0,1,0,1,0,1,1,0,0,1,0
"Diaemus_youngi",0,1,0,897.656836,142.9770032,0.343996416,0.52165515,0.216563204,36.6,0.97,115,50.78,7300,NA,585.355,NA,740.942,258.74,NA,1,1.101,357.649,NA,212.258,NA,2495.806,0,100,0,0,100,0,0,0,0,0,0,0,0,1,0,0,0,0,0,1,0,0,0,1,NA,NA,NA,0,1,0,1,0,0,1,0,0,1,0
"Diphylla_ecaudata",0,0,1,1153.432683,-41.71884902,0.336649585,0.456114585,0.088618248,28.11,0.802,82.495,54.99,2974.75,273.96,312.849,NA,412.099,213.08,NA,1,1.5,263.327,4.8,113.549,NA,1606.678,0,100,0,0,100,0,0,0,0,0,0,0,0,1,0,0,0,0,0,1,0,0,0,1,1900,NA,NA,0,1,0,1,0,1,1,0,0,0,1
"Ectophylla_alba",0,1,0,102.477995,-13.12872844,0.25477707,0.305771438,0.284173199,5.55,0.529,47,28.65,6169.197,NA,353.28,NA,477.994,122.092,NA,0.995,2,243.012,NA,24.98,NA,2190,0,0,100,0,0,0,0,0,0,100,0,0,0,1,0,0,0,1,0,0,0,0,1,0,700,NA,NA,0,1,0,0,0,0,1,1,0,0,0
"Enchisthenes_hartii",0,1,0,246.1483116,-28.27735266,0.461147963,0.595765139,0.461337048,16.99,0.51,68.5,39.82,5522.029,NA,451.156,NA,566.384,118.392,NA,0.99,1.681,246.796,NA,61.077,NA,2140.667,10,0,90,10,0,0,0,0,0,80,10,0,0,1,0,0,0,1,0,0,0,0,1,0,3540,0,3540,0,1,0,1,0,1,1,1,0,0,0
"Erophylla_sezekorni",0,1,0,279.8890973,75.2080493,0.093011811,0.242985355,0.174711287,16.1,0.581,75.085,47.5,4513.78,NA,499.176,NA,635.096,136.98,NA,1,1,345.057,4.5,60.88,NA,2120.295,30,0,70,30,0,0,0,0,0,40,30,0,0,0,0,1,0,0,1,0,0,0,1,0,NA,NA,NA,1,0,1,0,0,0,1,1,0,0,0
"Gardnerycteris_crenulata",0,1,0,245.6863381,-148.9030325,0.436625345,0.577939138,0.366575347,13.91,0.34,75,48.84,7300,547.875,547.875,547.875,724.921,144.393,NA,0.995,1,365.101,NA,273.96,NA,2443.84,50,0,50,50,0,0,0,0,0,50,0,0,0,0,1,0,0,0,0,1,0,1,0,0,NA,NA,NA,0,1,0,1,0,0,1,0,0,1,0
"Glossophaga_commissarisi",0,1,0,317.1599899,-96.31657358,0.54933247,0.568247199,0.397019353,9.3,0.428,65,34.37,4711.636,NA,299.445,NA,407.623,110.677,NA,1,2,235.451,NA,51.72,NA,1829.014,40,0,60,40,0,0,0,0,0,30,30,0,0,0,0,1,0,0,1,0,0,0,1,0,2400,NA,NA,0,1,0,1,0,0,1,1,0,0,0
"Glossophaga_leachii",0,1,0,192.997526,-96.76740408,0.404427154,0.571988009,0.417800626,10.7,0.477,59,35.71,4015,NA,268.763,NA,383.259,107.255,NA,1,2,228.318,0.38,46.65,NA,1637.825,40,0,60,40,0,0,0,0,0,30,30,0,0,0,0,1,0,0,1,0,0,0,1,0,2400,NA,NA,0,1,0,1,0,0,1,0,1,0,0
"Glossophaga_longirostris",0,1,0,625.2502404,96.0168203,0.079588231,0.279540289,-0.013676994,10.9,0.435,53.995,38.49,4015,NA,275.191,NA,391.563,107.255,NA,1,2,235.849,NA,46.65,NA,1652.084,40,0,60,40,0,0,0,0,0,30,30,0,0,0,0,1,0,0,1,0,0,0,1,0,2250,0,2250,0,1,0,1,0,0,1,0,0,1,0
"Glossophaga_morenoi",0,1,0,161.4976507,119.1183199,0.457483007,0.583786027,0.509568333,8.54,0.398,58,34.5,4791.508,NA,345.628,NA,460.409,111.288,NA,1,1.796,248.584,NA,51.861,NA,1948.082,40,0,60,40,0,0,0,0,0,30,30,0,0,0,0,1,0,0,1,0,0,0,1,0,1500,0,1500,0,1,0,1,0,0,1,0,0,1,0
"Glossophaga_soricina",0,1,0,819.2167176,-41.19653765,0.549931945,0.677046896,0.455111763,10.25,0.39,53.995,35.7,4015,NA,274.371,NA,390.925,107.255,NA,1,2,243.993,NA,46.65,NA,1670.54,40,0,60,40,0,0,0,0,0,30,30,0,0,0,0,1,0,1,0,0,0,0,1,0,NA,NA,NA,0,1,0,1,0,0,1,0,0,0,1
"Hsunycteris_thomasi",0,1,0,110.5597735,-122.5482248,0.606677359,0.774929722,0.586840567,7.09,0.344,57,32.49,5091.473,NA,388.005,NA,499.99,114.418,NA,0.99,1.706,247.149,NA,55.991,NA,2054.035,40,0,60,40,0,0,0,0,0,30,30,0,0,0,0,1,0,0,1,0,0,0,1,0,850,NA,NA,0,1,0,1,0,0,1,0,1,0,0
"Hylonycteris_underwoodi",1,0,0,63.88054308,-154.8233025,0.496029836,0.513443343,0.383952993,7.5,0.435,59.92,34,4752.69,NA,457.352,NA,570.651,118.58,NA,1,1,342.834,1.19,63.804,NA,2044.405,10,0,90,10,0,0,0,0,0,40,50,0,0,0,1,0,0,1,0,0,0,0,1,0,2640,50,2590,0,1,0,1,0,0,1,0,1,0,0
"Leptonycteris_curasoae",0,0,1,1537.175351,-57.5340541,0.177861238,0.350623415,0.17504361,25,0.55,86,52.79,3686.5,NA,452.68,NA,569.702,121.83,NA,0.995,1,344.685,NA,41.99,NA,2190,20,0,80,20,0,0,0,0,0,40,40,0,0,0,0,1,0,1,0,0,0,0,1,0,1500,0,1500,0,1,0,1,0,0,1,0,1,0,0
"Leptonycteris_nivalis",0,1,0,507.5982703,-20.26195491,0.503915475,0.612775387,0.470699329,22.63,0.586,93,56.78,3650,NA,310.8,NA,401.708,121.66,NA,1,1,330.984,7.8,50.731,NA,1575.469,20,0,80,20,0,0,0,0,0,40,40,0,0,0,0,1,0,0,1,0,0,0,1,0,3500,500,3000,0,1,0,1,0,1,1,0,0,1,0
"Leptonycteris_yerbabuenae",0,1,0,555.3708918,14.73048333,0.337988437,0.565829939,0.381785176,24.26,0.678,89.5,53.37,3686.5,NA,316.218,NA,415.175,121.83,NA,1,1,333.104,7.3,41.99,14.17,1695.638,10,0,90,NA,NA,NA,NA,NA,NA,NA,NA,NA,NA,1,0,0,0,1,0,0,0,0,1,0,2600,NA,NA,0,1,0,1,0,1,1,0,1,0,0
"Lionycteris_spurrelli",0,1,0,105.4706858,31.96029729,0.792188648,0.842741277,0.625912642,8.85,0.352,60,34.99,5144.313,NA,438.034,NA,552.766,114.406,NA,0.98,1.682,250.108,NA,57.694,NA,2100.685,0,0,100,NA,NA,NA,NA,NA,NA,NA,NA,NA,NA,1,0,0,0,0,1,0,0,0,1,0,1400,NA,NA,0,1,0,1,0,0,1,0,0,0,1
"Lonchophylla_robusta",0,1,0,533.2517771,-23.54695957,0.397360433,0.493135807,0.00625737,13.72,0.522,78,42.5,4818.341,NA,411.593,NA,528.674,117.609,NA,0.98,1.539,271.672,NA,61.271,NA,2016.067,40,0,60,40,0,0,0,0,0,30,30,0,0,0,0,1,0,0,1,0,0,0,1,0,800,NA,NA,0,1,0,1,0,0,1,0,0,1,0
"Lonchorhina_aurita",0,1,0,100.125727,159.521263,0.492525619,0.590242078,0.389344491,15.38,0.377,74,51.05,5247.502,NA,494.967,NA,634.756,118.579,NA,0.98,1,357.871,NA,76.055,NA,2110.981,100,0,0,100,0,0,0,0,0,0,0,0,0,1,0,0,0,0,0,1,0,1,0,0,1500,NA,NA,0,1,0,1,0,0,1,0,1,0,0
"Lophostoma_brasiliense",0,1,0,546.0526422,-28.2630698,0.485017598,0.508468778,0.371660719,9.76,0.405,61,36.5,5001.05,NA,446.433,NA,566.973,117.231,NA,0.98,1.119,340.948,NA,76.561,NA,2014.727,90,0,10,90,0,0,0,0,0,10,0,0,0,1,0,0,0,0,1,0,0,1,0,0,500,NA,NA,0,1,0,1,0,0,1,0,0,1,0
"Lophostoma_silvicola",0,1,0,255.570695,-78.93349692,0.623618948,0.748066616,0.438760988,32.29,0.756,89,54.5,5023.45,NA,322.004,NA,424.109,114.148,NA,0.99,2,252.838,NA,74.115,NA,1862.827,90,0,10,90,0,0,0,0,0,10,0,0,0,1,0,0,0,0,1,0,0,1,0,0,1845,0,1845,0,1,0,1,0,0,1,1,0,0,0
"Macrophyllum_macrophyllum",1,0,0,47.18120178,142.8478484,0.722336093,0.815506104,0.502277098,8.02,0.321,53,35.63,999.316,NA,321.567,NA,403.904,112.251,NA,1,1.187,337.983,NA,67.744,NA,1323.592,100,0,0,100,0,0,0,0,0,0,0,0,0,1,0,0,0,0,0,1,1,0,0,0,NA,NA,NA,0,1,0,1,0,0,1,1,0,0,0
"Macrotus_californicus",0,1,0,351.4315172,-45.70622813,0.705710419,0.725847975,0.595392654,12,11.514,62.68,50.58,6375.333,216.03,120.88,365.28,365,260.145,NA,1,1,313.792,1.555,30.44,NA,1709.295,50,0,50,50,0,0,0,0,0,50,0,0,0,0,1,0,0,0,0,1,0,1,0,0,1220,NA,NA,0,1,0,0,0,1,1,0,0,0,1
"Macrotus_waterhousii",0,0,1,1024.862608,-8.426155345,0.144728538,0.378274008,0.210129101,16.135,8.643,62.68,51.64,3802.083,91.32,91.32,NA,334.84,243.52,NA,1,1.895,226.195,0.59,30.44,NA,1529.276,50,0,50,50,0,0,0,0,0,50,0,0,0,0,1,0,0,0,1,0,0,1,0,0,1400,NA,NA,0,1,0,1,0,0,1,0,1,0,0
"Mesophylla_macconnelli",0,1,0,598.2116847,-77.46330364,0.374582505,0.606751762,0.377064115,6.86,0.344,52,31.62,5887.196,NA,354.706,NA,485.692,115.414,NA,0.99,1.896,247.764,NA,42.038,NA,2114.569,10,0,90,10,0,0,0,0,0,90,0,0,0,1,0,0,0,1,0,0,0,0,1,0,1100,NA,NA,0,1,0,1,0,0,1,1,0,0,0
"Micronycteris_hirsuta",0,1,0,900.3202905,-18.14181308,0.189720155,0.364096942,0.098125918,12.89,0.379,66,43.3,4557.253,NA,357.237,NA,461.322,116.363,NA,0.99,1.533,283.132,NA,64.663,NA,1855.606,89,0,11,NA,NA,NA,NA,NA,NA,NA,NA,NA,NA,1,0,0,0,0,1,0,0,1,0,0,1500,NA,NA,0,1,0,1,0,0,1,0,1,0,0
"Micronycteris_megalotis",0,1,0,261.7285924,-54.86215448,0.692562374,0.741436001,0.432177285,6.4,0.274,60.896,33.95,4290.719,NA,314.586,NA,414.089,121.66,NA,0.98,1.785,249.252,NA,60.481,NA,1711.752,20,0,80,NA,NA,NA,NA,NA,NA,NA,NA,NA,NA,0,0,1,0,0,1,0,0,1,0,0,NA,NA,NA,0,1,0,1,0,0,1,0,0,1,0
"Micronycteris_microtis",0,1,0,996.8360299,-50.51867235,0.546058945,0.585652723,0.427928515,6.4,0.361,51,NA,5118.218,NA,388.304,NA,503.663,121.66,NA,0.99,1,338.546,NA,62.597,NA,1997.817,20,0,80,NA,NA,NA,NA,NA,NA,NA,NA,NA,NA,0,0,1,0,0,1,0,0,1,0,0,2600,NA,NA,NA,1,0,NA,NA,0,1,0,0,1,0
"Micronycteris_minuta",0,1,0,528.5258602,-58.87758952,0.282282455,0.435434019,0.253240109,6.65,0.286,55,34,3448.437,NA,313.98,NA,402.326,121.66,NA,0.985,1.719,261.86,1.8,58.503,NA,1530.64,89,0,11,NA,NA,NA,NA,NA,NA,NA,NA,NA,NA,1,0,0,0,0,1,0,0,1,0,0,800,NA,NA,0,1,0,1,0,0,1,0,1,0,0
"Micronycteris_schmidtorum",0,1,0,239.4448189,-36.06765899,0.489935232,0.574278226,0.424414809,7.73,0.308,54,35.49,5346.29,NA,465.515,NA,587.908,120.045,NA,1.012,1.013,359.013,NA,67.05,NA,2069.162,100,0,0,NA,NA,NA,NA,NA,NA,NA,NA,NA,NA,1,0,0,0,0,0,1,0,1,0,0,NA,NA,NA,0,1,0,1,0,0,1,1,0,0,0
"Mimon_bennettii",0,0,1,1118.252806,-14.32692425,0.238295503,0.458064369,0.358997413,12.9,0.699,75,56,5489.781,NA,483.11,NA,620.902,124.722,NA,1,1,353.712,NA,94.237,NA,2080.978,30,40,30,30,0,20,20,0,0,30,0,0,0,0,0,0,1,0,0,1,0,1,0,0,1000,NA,NA,0,1,0,1,0,0,1,0,0,1,0
"Mimon_cozumelae",0,1,0,357.5673361,27.37031062,0.037320383,0.19205335,0.139721655,26.195,0.761,75,65.2,5400.936,NA,469.16,NA,595.155,124.799,NA,0.99,1,344.357,NA,92.822,NA,2104.421,60,10,30,60,10,0,0,0,0,30,0,0,0,0,1,0,0,0,1,0,0,1,0,0,NA,NA,NA,0,1,0,1,0,0,1,0,1,0,0
"Monophyllus_redmani",0,1,0,395.7038777,-51.47424076,0.34603434,0.548047568,0.462790593,8.745,0.43,63.067,39.43,4566.211,NA,491.454,NA,604.814,119.381,NA,0.99,1.515,262.495,NA,59.433,NA,2123.282,20,0,80,20,0,0,0,0,0,40,40,0,0,0,0,1,0,0,1,0,0,0,1,0,NA,NA,NA,1,0,1,1,0,0,1,1,0,0,0
"Phylloderma_stenops",0,1,0,488.4086629,-27.05398783,0.40072559,0.602026569,0.273721647,55.82,1.338,115,71.9,5210.252,NA,383.678,NA,504.284,122.526,NA,0.98,1.689,242.29,NA,80.65,NA,2026.325,10,0,90,10,0,0,0,0,0,20,10,60,0,0,1,0,0,0,1,0,0,0,1,0,2600,NA,NA,0,1,0,1,0,0,1,0,0,1,0
"Phyllostomus_discolor",0,0,1,1090.998523,-42.77260738,0.56046114,0.641981163,0.45977031,40.05,0.89,97,62.5,3285,NA,292.402,NA,387.409,105,NA,1,1.902,227.519,7,60.714,NA,1545.855,30,0,70,30,0,0,0,0,0,40,30,0,0,0,0,1,0,0,1,0,0,1,0,0,NA,NA,NA,0,1,0,1,0,0,1,0,0,0,1
"Phyllostomus_elongatus",0,1,0,294.3421865,-64.18364034,0.65638317,0.715494268,0.444791759,35.6,0.885,88.493,66,5214.054,NA,387.145,NA,501.504,121.66,NA,0.985,1.709,247.47,NA,85.836,NA,2043.283,70,10,20,70,0,10,0,0,0,10,10,0,0,1,0,0,0,0,1,0,0,1,0,0,NA,NA,NA,0,1,0,1,0,0,1,0,1,0,0
"Phyllostomus_hastatus",0,1,0,538.0811808,-44.65661204,0.57632979,0.751489791,0.433465953,82.6,1.532,128.5,83.27,6570,487.04,424.699,NA,550.348,120,NA,1,1,350.608,15.92,72.82,59.09,2034.894,40,50,10,40,0,50,0,0,0,10,0,0,0,0,1,0,0,0,0,1,0,1,0,0,NA,NA,NA,1,1,0,1,0,0,1,0,0,1,0
"Phyllostomus_latifolius",0,1,0,767.3118169,57.7133397,0.101470023,0.31255617,0.251208519,134,1.479,76,58,5437.65,NA,432.851,NA,558.442,131.07,NA,1.002,1.636,250.557,NA,102.189,NA,2093.315,70,10,20,70,0,10,0,0,0,10,10,0,0,1,0,0,0,0,1,0,0,1,0,0,500,0,500,0,1,0,0,0,0,1,1,0,0,0
"Platyrrhinus_brachycephalus",0,1,0,861.1385832,-46.58302918,0.219110452,0.337279311,0.207273157,14.26,0.583,70.884,38.99,5480.856,NA,408.192,NA,531.746,115.483,NA,0.98,1.804,242.101,NA,47.523,NA,2106.105,10,0,90,10,0,0,0,0,0,90,0,0,0,1,0,0,0,1,0,0,0,0,1,0,NA,NA,NA,0,1,0,0,0,0,1,0,1,0,0
"Platyrrhinus_dorsalis",0,1,0,788.3118078,159.9940014,0.229515916,0.455316298,0.43425476,26,0.852,86,47.5,5573.821,NA,412.802,NA,534.571,117.095,NA,0.99,1.774,243.009,NA,48.909,NA,2115.264,10,0,90,10,0,0,0,0,0,90,0,0,0,1,0,0,0,1,0,0,0,0,1,0,2500,150,2350,0,1,0,1,0,0,1,1,0,0,0
"Platyrrhinus_helleri",0,1,0,164.8344997,-73.29798449,0.628127444,0.727760773,0.509291808,13.44,0.42,59,38.09,6022.389,NA,293.931,NA,423.182,112.44,NA,0.99,2,236.383,NA,39.936,NA,1920.63,10,0,90,10,0,0,0,0,0,90,0,0,0,1,0,0,0,1,0,0,0,0,1,0,1500,0,1500,0,1,0,1,0,1,1,0,0,0,1
"Platyrrhinus_infuscus",0,1,0,479.4536121,-134.7934254,0.342681089,0.487934415,0.217983097,50.76,1.11,88.72,56.49,5712.489,NA,381.387,NA,504.728,116.16,NA,0.98,1.817,241.25,NA,47.859,NA,2084.496,10,0,90,10,0,0,0,0,0,90,0,0,0,1,0,0,0,1,0,0,0,0,1,0,1900,180,1720,0,1,0,1,0,0,1,0,1,0,0
"Platyrrhinus_lineatus",0,1,0,539.2849652,-99.53438158,0.360714405,0.459359761,0.385753591,22,0.741,103,46.59,4745,NA,291.068,NA,407.934,106,NA,1,2,216.93,8.3,34.209,NA,1812.129,10,0,90,10,0,0,0,0,0,90,0,0,0,1,0,0,0,0,1,0,0,0,1,0,NA,NA,NA,0,1,0,1,0,0,1,1,0,0,0
"Platyrrhinus_vittatus",1,0,0,77.36392112,102.3991657,0.363066732,0.469988776,0.408582162,37.01,1.175,92.495,57.11,5620.608,NA,424.537,NA,543.831,120.211,NA,0.98,1.764,242.768,NA,51.442,NA,2121.035,10,0,90,10,0,0,0,0,0,90,0,0,0,1,0,0,0,1,0,0,0,0,1,0,NA,NA,NA,0,1,0,1,0,0,1,1,0,0,0
"Pygoderma_bilabiatum",0,1,0,796.9529973,-12.01626742,0.084610391,0.290103182,0.218611905,18,0.658,85,40,5278.622,NA,484.685,NA,613.541,121.43,NA,0.99,1,339.885,NA,55.528,NA,2123.749,0,0,100,0,0,0,0,0,0,100,0,0,0,1,0,0,0,1,0,0,0,0,1,0,NA,NA,NA,0,1,0,1,0,0,1,1,0,0,0
"Rhinophylla_fischerae",0,1,0,433.4644293,-62.25738051,0.503143104,0.616232988,0.442722143,9.55,0.452,66.043,32.02,5250.257,NA,480.724,NA,601.854,118.677,NA,0.98,1.325,295.716,NA,68.213,NA,2135.521,10,0,90,10,0,0,0,0,0,90,0,0,0,1,0,0,0,1,0,0,0,0,1,0,NA,NA,NA,0,1,0,1,0,0,1,1,0,0,0
"Rhinophylla_pumilio",0,1,0,114.9610987,-20.75025029,0.813326971,0.875908771,0.767109614,9.54,0.356,62.901,33.5,5265.811,NA,481.85,NA,594.784,117.77,NA,0.99,1,334.091,NA,64.245,NA,2105.671,10,0,90,10,0,0,0,0,0,90,0,0,0,1,0,0,0,0,1,0,0,0,1,0,1400,NA,NA,0,1,0,1,0,0,1,1,0,0,0
"Sturnira_bidens",0,1,0,695.6159257,178.2985863,0.266193063,0.421814624,0.401486364,18.05,0.696,101,41.49,6180.561,NA,295.205,NA,414.35,118.136,NA,1,2,231.497,1.29,69.17,NA,1907.731,0,0,100,0,0,0,0,0,0,100,0,0,0,1,0,0,0,1,0,0,0,0,1,0,3000,1700,1300,0,1,0,1,0,0,1,1,0,0,0
"Sturnira_bogotensis",0,1,0,257.0355605,-166.4628138,0.323946886,0.426242254,0.400608035,21,0.653,70,NA,5574.899,NA,425.752,NA,543.805,119.642,NA,0.99,1.5,248.985,1.54,73.325,NA,2119.848,0,0,100,0,0,0,0,0,0,100,0,0,0,1,0,0,0,1,0,0,0,0,1,0,3100,1200,1900,0,1,0,1,0,0,1,1,0,0,0
"Sturnira_erythromos",0,1,0,160.3086583,-55.36144404,0.63085456,0.762143709,0.728596438,15.53,0.62,72.947,41.74,5339.641,NA,479.148,NA,599.098,120.517,NA,0.995,1,340.519,0.99,73.085,NA,2117.999,0,0,100,0,0,0,0,0,0,100,0,0,0,1,0,0,0,1,0,0,0,0,1,0,1300,NA,NA,0,1,0,1,0,0,1,1,0,0,0
"Sturnira_hondurensis",0,1,0,335.4679899,121.4839621,0.465313374,0.590048324,0.241001161,21,0.676,70,43.5,6313.409,NA,299.491,NA,416.935,117.14,NA,0.99,2,231.391,1.54,71.933,NA,1915.882,0,0,100,0,0,0,0,0,0,100,0,0,0,1,0,0,0,1,0,0,0,0,1,0,2000,600,1400,NA,NA,NA,NA,NA,0,1,1,0,0,0
"Sturnira_lilium",0,1,0,328.5349205,-59.28940253,0.721182397,0.726657424,0.544017189,20,0.52,65.96,40.5,7300,289.18,289.18,289.18,404.045,114.865,NA,1,2,233.937,5.225,87.5,NA,1905.642,0,0,100,0,0,0,0,0,0,100,0,0,0,1,0,0,0,1,0,0,0,0,1,0,1600,NA,NA,0,1,0,1,0,0,1,1,0,0,0
"Sturnira_ludovici",0,0,1,1404.990818,121.8455085,0.18926296,0.41950738,0.294572601,21,0.676,70,43.5,6292.068,NA,306.066,NA,423.038,117.479,NA,0.99,2,232.939,1.54,73.228,NA,1931.479,0,0,100,0,0,0,0,0,0,100,0,0,0,1,0,0,0,1,0,0,0,0,1,0,2880,550,2330,0,1,0,1,0,0,1,1,0,0,0
"Sturnira_luisi",0,1,0,379.8448043,-110.5500299,0.403673956,0.626311706,0.321678811,11.99,0.582,74,43,5508.243,NA,458.975,NA,575.809,119.232,NA,0.99,1.588,249.475,NA,73.242,NA,2141.067,0,0,100,0,0,0,0,0,0,100,0,0,0,1,0,0,0,1,0,0,0,0,1,0,1930,40,1890,0,1,0,1,0,0,1,1,0,0,0
"Sturnira_magna",0,1,0,132.4026219,-37.91545398,0.402828111,0.553084169,0.349845733,43.1,1.113,83.883,57.5,5547.161,NA,486.05,NA,608.36,127.018,NA,0.98,1.549,257.54,NA,77.346,NA,2155.754,0,0,100,0,0,0,0,0,0,100,0,0,0,1,0,0,0,1,0,0,0,0,1,0,NA,NA,NA,0,1,0,1,0,0,1,1,0,0,0
"Sturnira_oporaphilum",0,1,0,232.3671902,111.6863211,0.528097449,0.5371759,0.461263121,21.495,0.726,70,45.99,6178.03,NA,326.966,NA,453.532,117.993,NA,0.99,2,237.477,1.54,72.517,NA,1997.922,0,0,100,NA,NA,NA,NA,NA,NA,NA,NA,NA,NA,1,0,0,0,1,0,0,0,0,1,0,2575,500,2075,0,1,0,1,0,0,1,1,0,0,0
"Sturnira_parvidens",0,1,0,164.9556217,58.99443141,0.484605147,0.603979394,0.515868247,20,0.52,65.96,40.5,7300,289.18,289.18,289.18,404.045,114.865,NA,1,2,233.694,5.225,87.5,NA,1902.617,0,0,100,0,0,0,0,0,0,100,0,0,0,1,0,0,0,1,0,0,0,0,1,0,1600,NA,NA,NA,NA,NA,NA,NA,NA,NA,0,1,0,0
"Sturnira_tildae",0,1,0,169.3330109,-75.18229204,0.756943673,0.813087579,0.687524623,22.445,0.726,73.822,45.5,5413.994,NA,472.192,NA,599.186,122.956,NA,0.99,1,340.245,2.62,73.209,NA,2119.977,0,0,100,0,0,0,0,0,0,100,0,0,0,1,0,0,0,1,0,0,0,0,1,0,NA,NA,NA,0,1,0,1,0,0,1,1,0,0,0
"Tonatia_bidens",0,1,0,410.1462682,-43.43262489,0.4927869,0.625180518,0.404047701,27.55,0.788,95,58.13,4809.92,NA,467.479,NA,591.45,121.922,NA,0.98,1.31,313.545,NA,77.891,NA,2076.794,90,0,10,90,0,0,0,0,0,10,0,0,0,1,0,0,0,0,1,0,1,0,0,0,NA,NA,NA,0,1,0,1,0,0,1,1,0,0,0
"Trachops_cirrhosus",0,1,0,383.0960153,-51.33997625,0.602197448,0.628299296,0.357888483,36.9,0.912,92,58.45,4937.481,NA,332.56,NA,414.982,111.86,NA,1,1.785,255.338,NA,87.153,NA,1822.183,50,40,10,50,0,40,0,0,0,10,0,0,0,0,1,0,0,0,0,1,0,0,0,1,1400,NA,NA,0,1,0,1,0,0,1,0,0,1,0
"Trinycteris_nicefori",0,1,0,299.1817988,-64.64718074,0.594983622,0.607055162,0.154362699,8.25,0.39,58,38,5429.578,NA,385.629,NA,501.393,115.474,NA,1,1.666,260.889,NA,69.002,NA,2060.971,80,0,20,80,0,0,0,0,0,20,0,0,0,0,1,0,0,0,1,0,0,1,0,0,1000,NA,NA,0,1,0,1,0,0,1,1,0,0,0
"Uroderma_bilobatum",1,0,0,45.10888361,-48.39028126,0.845148992,0.859808544,0.678358014,16.24,0.53,69,42.03,6305.431,NA,289.007,NA,411.934,130.88,NA,1,2,218.211,NA,35.51,8.14,1905.883,10,0,90,10,0,0,0,0,0,80,10,0,0,1,0,0,0,0,1,0,0,0,1,0,2600,0,2600,0,1,0,1,0,0,1,0,1,0,0
"Uroderma_magnirostrum",0,1,0,579.146568,-39.83928089,0.476766031,0.630723675,0.340009074,17.3,0.567,70,41.49,5658.458,NA,385.537,NA,515.045,116.839,NA,0.98,1.837,235.302,NA,47.335,NA,2092.559,10,0,90,10,0,0,0,0,0,80,10,0,0,1,0,0,0,0,1,0,0,0,1,0,1000,NA,NA,0,1,0,1,0,0,1,1,0,0,0
"Vampyressa_pusilla",0,1,0,501.9090243,-45.43457256,0.573141578,0.643319547,0.315910494,8.785,0.394,52.5,30.5,5998.314,NA,343.565,NA,477.227,114.189,NA,0.98,2,247.388,3.81,41.518,NA,2089.688,0,0,100,0,0,0,0,0,0,100,0,0,0,1,0,0,0,1,0,0,0,0,1,0,NA,NA,NA,0,1,0,1,0,0,1,NA,NA,NA,NA
"Vampyressa_thyone",0,1,0,223.8702136,139.3617379,0.589068642,0.73866395,0.314570233,8.77,0.396,52.5,31.5,6002.102,NA,341.809,NA,475.054,114.08,NA,0.98,2,247.22,2.415,41.328,NA,2081.07,0,0,100,NA,NA,NA,NA,NA,NA,NA,NA,NA,NA,1,0,0,0,1,0,0,0,0,1,0,1000,NA,NA,0,1,0,1,0,0,1,1,0,0,0
"Vampyriscus_bidens",1,0,0,93.97581502,-42.15556138,0.719677565,0.831781194,0.613264795,11.91,0.487,62,35.57,5749.193,NA,355.016,NA,483.409,115.893,NA,0.99,1.866,244.131,0.61,54.526,NA,2056.8,0,0,100,0,0,0,0,0,0,100,0,0,0,1,0,0,0,1,0,0,0,0,1,0,500,NA,NA,0,1,0,1,0,0,1,1,0,0,0
"Vampyriscus_nymphaeus",0,1,0,206.5941256,131.8287878,0.457525071,0.649509037,0.448096939,69,1.106,64,36.5,5748.662,NA,471.737,NA,588.785,124.792,NA,0.99,1.655,248.014,NA,63.18,NA,2156.711,0,0,100,0,0,0,0,0,0,100,0,0,0,1,0,0,0,1,0,0,0,0,1,0,NA,NA,NA,0,1,0,1,0,0,1,1,0,0,0
"Vampyrodes_caraccioli",0,1,0,879.386111,-30.49300448,0.322109782,0.545026426,0.203539888,35.89,0.947,84.5,52.05,6000.286,NA,331.964,NA,454.729,114.095,NA,0.98,2,238.532,NA,47.583,NA,1991.33,0,0,100,0,0,0,0,0,0,100,0,0,0,1,0,0,0,1,0,0,0,0,1,0,1000,NA,NA,0,1,0,1,0,0,1,0,1,0,0
"Vampyrum_spectrum",0,1,0,368.9693428,-44.4534228,0.722402057,0.798433942,0.568403084,171.61,2.868,158,68.79,2372.5,NA,314.387,NA,400.794,135.693,NA,1,1.738,247.658,NA,99.968,NA,1505.155,10,80,10,10,80,0,0,0,0,10,0,0,0,1,0,0,0,0,0,1,0,0,0,1,1850,50,1800,0,1,0,1,0,0,1,1,0,0,0
